Latitude,Longitude,Height,Stability,Flow-Rate
45.529724,10.174458,0.000000,0,175920.012739
45.529724,10.174458,0.000000,1,2920441369192.326172
45.529724,10.174458,0.000000,2,27925647372117443404557585565614080.000000
45.529724,10.174458,0.000000,3,129310051657724525529648638224499126970993870831058339810962133093191937190946406400.000000
45.529724,10.174458,0.000000,4,30199045154979728465507936289399168846844033508676884843544126001341337105922084692585970861984548135304608572385555287464960631456282356501858670870528.000000
45.529724,10.174458,0.000000,5,inf
45.529808,10.174162,0.000000,0,0.000000
45.529808,10.174162,0.000000,1,0.000000
45.529808,10.174162,0.000000,2,0.000000
45.529808,10.174162,0.000000,3,0.000000
45.529808,10.174162,0.000000,4,0.000000
45.529808,10.174162,0.000000,5,0.000000
45.529808,10.174162,0.000000,0,0.000000
45.529808,10.174162,0.000000,1,0.000000
45.529808,10.174162,0.000000,2,0.000000
45.529808,10.174162,0.000000,3,0.000000
45.529808,10.174162,0.000000,4,0.000000
45.529808,10.174162,0.000000,5,0.000000
45.529816,10.174190,0.000000,0,0.000000
45.529816,10.174190,0.000000,1,0.000000
45.529816,10.174190,0.000000,2,0.000000
45.529816,10.174190,0.000000,3,0.000000
45.529816,10.174190,0.000000,4,0.000000
45.529816,10.174190,0.000000,5,0.000000
45.529816,10.174188,0.000000,0,0.000000
45.529816,10.174188,0.000000,1,0.000000
45.529816,10.174188,0.000000,2,0.000000
45.529816,10.174188,0.000000,3,0.000000
45.529816,10.174188,0.000000,4,0.000000
45.529816,10.174188,0.000000,5,0.000000
45.529816,10.174185,0.000000,0,0.000000
45.529816,10.174185,0.000000,1,0.000000
45.529816,10.174185,0.000000,2,0.000000
45.529816,10.174185,0.000000,3,0.000000
45.529816,10.174185,0.000000,4,0.000000
45.529816,10.174185,0.000000,5,0.000000
45.529816,10.174186,0.000000,0,0.000000
45.529816,10.174186,0.000000,1,0.000000
45.529816,10.174186,0.000000,2,0.000000
45.529816,10.174186,0.000000,3,0.000000
45.529816,10.174186,0.000000,4,0.000000
45.529816,10.174186,0.000000,5,0.000000
45.529816,10.174188,0.000000,0,0.000000
45.529816,10.174188,0.000000,1,0.000000
45.529816,10.174188,0.000000,2,0.000000
45.529816,10.174188,0.000000,3,0.000000
45.529816,10.174188,0.000000,4,0.000000
45.529816,10.174188,0.000000,5,0.000000
45.529816,10.174188,0.000000,0,0.000000
45.529816,10.174188,0.000000,1,0.000000
45.529816,10.174188,0.000000,2,0.000000
45.529816,10.174188,0.000000,3,0.000000
45.529816,10.174188,0.000000,4,0.000000
45.529816,10.174188,0.000000,5,0.000000
45.529816,10.174189,0.000000,0,0.000000
45.529816,10.174189,0.000000,1,0.000000
45.529816,10.174189,0.000000,2,0.000000
45.529816,10.174189,0.000000,3,0.000000
45.529816,10.174189,0.000000,4,0.000000
45.529816,10.174189,0.000000,5,0.000000
45.529816,10.174189,0.000000,0,0.000000
45.529816,10.174189,0.000000,1,0.000000
45.529816,10.174189,0.000000,2,0.000000
45.529816,10.174189,0.000000,3,0.000000
45.529816,10.174189,0.000000,4,0.000000
45.529816,10.174189,0.000000,5,0.000000
45.529816,10.174189,0.000000,0,0.000000
45.529816,10.174189,0.000000,1,0.000000
45.529816,10.174189,0.000000,2,0.000000
45.529816,10.174189,0.000000,3,0.000000
45.529816,10.174189,0.000000,4,0.000000
45.529816,10.174189,0.000000,5,0.000000
45.529816,10.174189,0.000000,0,0.000000
45.529816,10.174189,0.000000,1,0.000000
45.529816,10.174189,0.000000,2,0.000000
45.529816,10.174189,0.000000,3,0.000000
45.529816,10.174189,0.000000,4,0.000000
45.529816,10.174189,0.000000,5,0.000000
45.529816,10.174189,0.000000,0,0.000000
45.529816,10.174189,0.000000,1,0.000000
45.529816,10.174189,0.000000,2,0.000000
45.529816,10.174189,0.000000,3,0.000000
45.529816,10.174189,0.000000,4,0.000000
45.529816,10.174189,0.000000,5,0.000000
45.529830,10.174186,0.000000,0,315092619559498253204365044054970175770996812555088292334729254700539540162505076421181694785998391835187146506841604608667746230298858194425307421840553869195046708553756536208027447434641587935641600.000000
45.529830,10.174186,0.000000,1,inf
45.529830,10.174186,0.000000,2,inf
45.529830,10.174186,0.000000,3,inf
45.529830,10.174186,0.000000,4,inf
45.529830,10.174186,0.000000,5,inf
45.529835,10.174183,0.000000,0,352251075033576291351161734817517399131257946063555880692766294377092238923686521643601934158976027674089445791225872971202560.000000
45.529835,10.174183,0.000000,1,910766460071858095411050411580011102983351427866996875310542640155728115735113771591239273190066058612343546873467747120785397122352371148803360384781315859882088714642853686266817095154130481879846134885762515056746675683941194404460683451114027774127852762629895617782638570423451648.000000
45.529835,10.174183,0.000000,2,inf
45.529835,10.174183,0.000000,3,inf
45.529835,10.174183,0.000000,4,inf
45.529835,10.174183,0.000000,5,inf
45.529840,10.174182,0.000000,0,1820208135840986963198073216388321171752886883798336376505908752023552.000000
45.529840,10.174182,0.000000,1,4664878184004440183906478184394734470256613157791668157225382627766021030726934535185023397599927595828010387204675159988307541546177345602641128962352218112.000000
45.529840,10.174182,0.000000,2,inf
45.529840,10.174182,0.000000,3,inf
45.529840,10.174182,0.000000,4,inf
45.529840,10.174182,0.000000,5,inf
45.529840,10.174182,0.000000,0,880902867880263905051607569926266905487682731596615885516256764231680.000000
45.529840,10.174182,0.000000,1,2257601474077015216086690698439100612308410397592656461468135439516443639703807738174769371496943140073808410503901411633830127549566488741335690910933975040.000000
45.529840,10.174182,0.000000,2,inf
45.529840,10.174182,0.000000,3,inf
45.529840,10.174182,0.000000,4,inf
45.529840,10.174182,0.000000,5,inf
45.529840,10.174182,0.000000,0,2525903803479872642717336123762796815734491778425046636232418753773568.000000
45.529840,10.174182,0.000000,1,6473453950530226144793878520284235345645646467565258915826182821083063416472785096853338805278746788860638099117959561460195809754610729984067578451833389056.000000
45.529840,10.174182,0.000000,2,inf
45.529840,10.174182,0.000000,3,inf
45.529840,10.174182,0.000000,4,inf
45.529840,10.174182,0.000000,5,inf
45.529840,10.174182,0.000000,0,3582013871601514390177403139768640393141495559414272242853641734586368.000000
45.529840,10.174182,0.000000,1,9180081132158469853934217414282644830225672773004738465757810082733685932410682915496539967799473026291520014977133461813845940833146530251334073457978638336.000000
45.529840,10.174182,0.000000,2,inf
45.529840,10.174182,0.000000,3,inf
45.529840,10.174182,0.000000,4,inf
45.529840,10.174182,0.000000,5,inf
45.529840,10.174182,0.000000,0,3577147004928142762159174532017973563944472375399072200340460420464640.000000
45.529840,10.174182,0.000000,1,9167608195837602438135262862572124631809670174451895747434037722344693317944395251930084760981831320791829483897006143873968821613573148977501464306791743488.000000
45.529840,10.174182,0.000000,2,inf
45.529840,10.174182,0.000000,3,inf
45.529840,10.174182,0.000000,4,inf
45.529840,10.174182,0.000000,5,inf
45.529840,10.174182,0.000000,0,2730312203761481019482937649290803642009465507063448421786033946886144.000000
45.529840,10.174182,0.000000,1,6997317276006661419078180527077538002356561506645866157443839077746865112676202446834568355591402668268176370660029522145644096037511707654929349432890621952.000000
45.529840,10.174182,0.000000,2,inf
45.529840,10.174182,0.000000,3,inf
45.529840,10.174182,0.000000,4,inf
45.529840,10.174182,0.000000,5,inf
45.529840,10.174182,0.000000,0,1859143069227960370467787294865870394915829143497232621296139810897920.000000
45.529840,10.174182,0.000000,1,4764661674571380272443756765069186922232395126186652518219404934943184324181102939754687224935402089509641829081038224949446351114928188627280439498088906752.000000
45.529840,10.174182,0.000000,2,inf
45.529840,10.174182,0.000000,3,inf
45.529840,10.174182,0.000000,4,inf
45.529840,10.174182,0.000000,5,inf
45.529840,10.174182,0.000000,0,1270252201749993954947953581743505946456159059023971334228371621019648.000000
45.529840,10.174182,0.000000,1,3255436379746414958241013254698188835094588311584136149802593375190243007659691139814374385660176802363962039414515279082035439518829229736761140278938566656.000000
45.529840,10.174182,0.000000,2,inf
45.529840,10.174182,0.000000,3,inf
45.529840,10.174182,0.000000,4,inf
45.529840,10.174182,0.000000,5,inf
45.529840,10.174182,0.000000,0,812766734453061112796407061416931296729358155383815290331718366527488.000000
45.529840,10.174182,0.000000,1,2082980365584870251682863724006381537512732247894494483329557257972713470589979804187363216858447988551980185529102178312367674757293461656711506804955152384.000000
45.529840,10.174182,0.000000,2,inf
45.529840,10.174182,0.000000,3,inf
45.529840,10.174182,0.000000,4,inf
45.529840,10.174182,0.000000,5,inf
45.529840,10.174182,0.000000,0,525621600724135347063833116481749316295057889169984710567606242770944.000000
45.529840,10.174182,0.000000,1,1347077122653688718279923796386662791567832738422500376606810018679731734028705399566889607447297903228676087316031682288477897788604054122200770922160324608.000000
45.529840,10.174182,0.000000,2,inf
45.529840,10.174182,0.000000,3,inf
45.529840,10.174182,0.000000,4,inf
45.529840,10.174182,0.000000,5,inf
45.529840,10.174182,0.000000,0,695961934292142136139891779518981043397490935913338246186561964081152.000000
45.529840,10.174182,0.000000,1,1783629893884050748216670148973315046233147522681784014751333760506445967951341686516393907646365357191193053135357504871073101863204725416772012523986616320.000000
45.529840,10.174182,0.000000,2,inf
45.529840,10.174182,0.000000,3,inf
45.529840,10.174182,0.000000,4,inf
45.529840,10.174182,0.000000,5,inf
45.529840,10.174182,0.000000,0,749497467699229948559435160658262517168056763186214737660361282945024.000000
45.529840,10.174182,0.000000,1,1920832193413592703077991301284182661133056696749175223514751436817975915942439533766412269037594542529842491634430262930782341184593815845919931850163224576.000000
45.529840,10.174182,0.000000,2,inf
45.529840,10.174182,0.000000,3,inf
45.529840,10.174182,0.000000,4,inf
45.529840,10.174182,0.000000,5,inf
45.529840,10.174182,0.000000,0,574290267457851627246119193988417608265289729321985135699419383988224.000000
45.529840,10.174182,0.000000,1,1471806485862363638415111480482155640375619903923170174248377046634880256415449131269463848418055807909688591352649383129370945796501659694505299760270802944.000000
45.529840,10.174182,0.000000,2,inf
45.529840,10.174182,0.000000,3,inf
45.529840,10.174182,0.000000,4,inf
45.529840,10.174182,0.000000,5,inf
45.529840,10.174182,0.000000,0,710562534312256924413606298652927883591871291064614397554910769971200.000000
45.529840,10.174182,0.000000,1,1821048702846652995613533804104875641481155318340312169722650841673423811350204677215759528099290473690264646375739458690704459521924869238269839977547300864.000000
45.529840,10.174182,0.000000,2,inf
45.529840,10.174182,0.000000,3,inf
45.529840,10.174182,0.000000,4,inf
45.529840,10.174182,0.000000,5,inf
45.529840,10.174182,0.000000,0,939305267960723441270350862934268855851960939779016395674432533692416.000000
45.529840,10.174182,0.000000,1,2407276709927425348892608569450779290272083350185133002959168900282188579885060345029265112500154880596255573318446009075538341902692753278294656714539008000.000000
45.529840,10.174182,0.000000,2,inf
45.529840,10.174182,0.000000,3,inf
45.529840,10.174182,0.000000,4,inf
45.529840,10.174182,0.000000,5,inf
45.529840,10.174182,0.000000,0,1260518468403250507349553758006064993268734297204923296859618719825920.000000
45.529840,10.174182,0.000000,1,3230490507104679745570283067782003005938702524492329405953126942379646589865182264662452885627722966522527380636588382481220273173600570772106703313444012032.000000
45.529840,10.174182,0.000000,2,inf
45.529840,10.174182,0.000000,3,inf
45.529840,10.174182,0.000000,4,inf
45.529840,10.174182,0.000000,5,inf
45.529840,10.174182,0.000000,0,1187515468302675895514182033509955260520008143188274706819508735049728.000000
45.529840,10.174182,0.000000,1,3043396462291666603221859374648472868079260596269082095086932976381701428561199571070569351377245259816901431346317309777758845349590369579671472730036764672.000000
45.529840,10.174182,0.000000,2,inf
45.529840,10.174182,0.000000,3,inf
45.529840,10.174182,0.000000,4,inf
45.529840,10.174182,0.000000,5,inf
45.529840,10.174182,0.000000,0,9281114746119684669540939352244063949467535439976787550832471836721152.000000
45.529840,10.174182,0.000000,1,23785889563894296066239351502253210557322923115385763978510333897288054266611183323921981813046721932312708779223431085159112974667265627978990620731917729792.000000
45.529840,10.174182,0.000000,2,inf
45.529840,10.174182,0.000000,3,inf
45.529840,10.174182,0.000000,4,inf
45.529840,10.174182,0.000000,5,inf
45.529840,10.174182,0.000000,0,20416505694793958847779207824547760643827390414590199489817463262019584.000000
45.529840,10.174182,0.000000,1,52323967866039104989123505217865087838462238758405337756916300369130300242937181924032195644211204248635368856447773077327795181229886063311429071810737471488.000000
45.529840,10.174182,0.000000,2,inf
45.529840,10.174182,0.000000,3,inf
45.529840,10.174182,0.000000,4,inf
45.529840,10.174182,0.000000,5,inf
45.529840,10.174182,0.000000,0,22299983097388776592090367725222536005554821903008840514309948551725056.000000
45.529840,10.174182,0.000000,1,57150994222214822340562034741486875752774646877356203866754567106018447639449723181619158903234814865643463340929447891976627128442681158307872557064760852480.000000
45.529840,10.174182,0.000000,2,inf
45.529840,10.174182,0.000000,3,inf
45.529840,10.174182,0.000000,4,inf
45.529840,10.174182,0.000000,5,inf
45.529840,10.174182,0.000000,0,15252760154346665351677507165812400761653360050235913430179894437871616.000000
45.529840,10.174182,0.000000,1,39090182429598694514703371818051743937125274256837011259778736197365119500028324507916826548904542947580138511015480427369011261548838905705359531167356813312.000000
45.529840,10.174182,0.000000,2,inf
45.529840,10.174182,0.000000,3,inf
45.529840,10.174182,0.000000,4,inf
45.529840,10.174182,0.000000,5,inf
45.529840,10.174182,0.000000,0,9130241879245164967223622944917821423533330310660178042293412190748672.000000
45.529840,10.174182,0.000000,1,23399228537947406176471760399227084406426842560247639710473390725229283218156265753361870401699829061822302315739484229022922278860490808490179737045123989504.000000
45.529840,10.174182,0.000000,2,inf
45.529840,10.174182,0.000000,3,inf
45.529840,10.174182,0.000000,4,inf
45.529840,10.174182,0.000000,5,inf
45.529840,10.174182,0.000000,0,8507282945053598113385902018721325644661389907023756219345326166769664.000000
45.529840,10.174182,0.000000,1,21802692688876367808457871776397008633405375785816860392184407506655560033785039664399337855509600561652628018659053275413188749009132491431864517778303090688.000000
45.529840,10.174182,0.000000,2,inf
45.529840,10.174182,0.000000,3,inf
45.529840,10.174182,0.000000,4,inf
45.529840,10.174182,0.000000,5,inf
45.529840,10.174182,0.000000,0,10755775348151288725311977933640542375339073771736992241695971107405824.000000
45.529840,10.174182,0.000000,1,27565189269117147441983130014230138346100068236008871291536348665239932537060092457774619008211065888610369880033033107089779484187241524637581187981275824128.000000
45.529840,10.174182,0.000000,2,inf
45.529840,10.174182,0.000000,3,inf
45.529840,10.174182,0.000000,4,inf
45.529840,10.174182,0.000000,5,inf
45.529840,10.174182,0.000000,0,19749744960542046575529658995650834223008727779662385474881184319143936.000000
45.529840,10.174182,0.000000,1,50615175590080259878919025629640330279696748596998973973713365907055643528369366862971566236662200398968479779646196262259167578402367314788620370183234519040.000000
45.529840,10.174182,0.000000,2,inf
45.529840,10.174182,0.000000,3,inf
45.529840,10.174182,0.000000,4,inf
45.529840,10.174182,0.000000,5,inf
45.529840,10.174182,0.000000,0,25385576568306390288142845905034164074814547718954851086406023888502784.000000
45.529840,10.174182,0.000000,1,65058835849644818831585456549257623803159099317859955521102970125335776407194532797489356466812197329702977958674973009691494332127997969964194246406642335744.000000
45.529840,10.174182,0.000000,2,inf
45.529840,10.174182,0.000000,3,inf
45.529840,10.174182,0.000000,4,inf
45.529840,10.174182,0.000000,5,inf
45.529840,10.174182,0.000000,0,23906049099601412305610267417053731282225445477715670924920660028293120.000000
45.529840,10.174182,0.000000,1,61267063208101087845712448813725521981601772719128123659291688211951347478697462463461909300120758072959911235019731326747001010393828006688116072786232868864.000000
45.529840,10.174182,0.000000,2,inf
45.529840,10.174182,0.000000,3,inf
45.529840,10.174182,0.000000,4,inf
45.529840,10.174182,0.000000,5,inf
45.529840,10.174182,0.000000,0,14527597020014296608200296775685189107164473507744066142563684092739584.000000
45.529840,10.174182,0.000000,1,37231714917789452609241712281145397831731931792352416687152028195666109455446931020667089424253292226862678153017888140095807921081060267240214516945475600384.000000
45.529840,10.174182,0.000000,2,inf
45.529840,10.174182,0.000000,3,inf
45.529840,10.174182,0.000000,4,inf
45.529840,10.174182,0.000000,5,inf
45.529840,10.174182,0.000000,0,8220137811324672826558184594376411901210535625281545520437189725388800.000000
45.529840,10.174182,0.000000,1,21066789445945187227736984557515153468270177751310169553466464547444106269378599129826391962091376538434457911990163431191951291805647824939826828553310175232.000000
45.529840,10.174182,0.000000,2,inf
45.529840,10.174182,0.000000,3,inf
45.529840,10.174182,0.000000,4,inf
45.529840,10.174182,0.000000,5,inf
45.529840,10.174182,0.000000,0,4268242072546913174499866399668234130748250930402886427842645933948928.000000
45.529840,10.174182,0.000000,1,10938765153400786151625799543330064911950695688566958351063520834494757860291382822899034548207725397325385602569908591526225732163286389537430086342712229888.000000
45.529840,10.174182,0.000000,2,inf
45.529840,10.174182,0.000000,3,inf
45.529840,10.174182,0.000000,4,inf
45.529840,10.174182,0.000000,5,inf
45.529840,10.174182,0.000000,0,2160888802977000541350190542462784625957752977285043447743820194643968.000000
45.529840,10.174182,0.000000,1,5537983726465163862707149806072893547263362136324114126312508399386838309710273561065020911600892078910990722225654544432437021789296791774794393502884036608.000000
45.529840,10.174182,0.000000,2,inf
45.529840,10.174182,0.000000,3,inf
45.529840,10.174182,0.000000,4,inf
45.529840,10.174182,0.000000,5,inf
45.529840,10.174182,0.000000,0,1187515468302675895514182033509955260520008143188274706819508735049728.000000
45.529840,10.174182,0.000000,1,3043396462291666603221859374648472868079260596269082095086932976381701428561199571070569351377245259816901431346317309777758845349590369579671472730036764672.000000
45.529840,10.174182,0.000000,2,inf
45.529840,10.174182,0.000000,3,inf
45.529840,10.174182,0.000000,4,inf
45.529840,10.174182,0.000000,5,inf
45.529840,10.174182,0.000000,0,827367334473175996851092884668931784320427707429415417871262308892672.000000
45.529840,10.174182,0.000000,1,2120399174547472880152548462633087565084620633539143945502796051172302502850776342905739923708543529893105375387156392853059960322095501895198552921636601856.000000
45.529840,10.174182,0.000000,2,inf
45.529840,10.174182,0.000000,3,inf
45.529840,10.174182,0.000000,4,inf
45.529840,10.174182,0.000000,5,inf
45.529840,10.174182,0.000000,0,584024000804594787501605105371697619262646900458061244554586875756544.000000
45.529840,10.174182,0.000000,1,1496752358504098660549431125650768753369565396021916264496882623429171079778991232411879805251924431330096451821740149369655648188689370450665127394204975104.000000
45.529840,10.174182,0.000000,2,inf
45.529840,10.174182,0.000000,3,inf
45.529840,10.174182,0.000000,4,inf
45.529840,10.174182,0.000000,5,inf
45.529840,10.174182,0.000000,0,535355334070878603100290331983082974689104257200384795593968871014400.000000
45.529840,10.174182,0.000000,1,1372022995295423740414243441555275904561778230521246466855315595474022557392247500709305564281166526649083947785122448528762600180791764878360598556094496768.000000
45.529840,10.174182,0.000000,2,inf
45.529840,10.174182,0.000000,3,inf
45.529840,10.174182,0.000000,4,inf
45.529840,10.174182,0.000000,5,inf
45.529840,10.174182,0.000000,0,0.000000
45.529840,10.174182,0.000000,1,0.000000
45.529840,10.174182,0.000000,2,0.000000
45.529840,10.174182,0.000000,3,0.000000
45.529840,10.174182,0.000000,4,0.000000
45.529840,10.174182,0.000000,5,0.000000
45.529840,10.174182,0.000000,0,0.000000
45.529840,10.174182,0.000000,1,0.000000
45.529840,10.174182,0.000000,2,0.000000
45.529840,10.174182,0.000000,3,0.000000
45.529840,10.174182,0.000000,4,0.000000
45.529840,10.174182,0.000000,5,0.000000
45.529840,10.174182,0.000000,0,0.000000
45.529840,10.174182,0.000000,1,0.000000
45.529840,10.174182,0.000000,2,0.000000
45.529840,10.174182,0.000000,3,0.000000
45.529840,10.174182,0.000000,4,0.000000
45.529840,10.174182,0.000000,5,0.000000
45.529840,10.174182,0.000000,0,0.000000
45.529840,10.174182,0.000000,1,0.000000
45.529840,10.174182,0.000000,2,0.000000
45.529840,10.174182,0.000000,3,0.000000
45.529840,10.174182,0.000000,4,0.000000
45.529840,10.174182,0.000000,5,0.000000
45.529840,10.174182,0.000000,0,0.000000
45.529840,10.174182,0.000000,1,0.000000
45.529840,10.174182,0.000000,2,0.000000
45.529840,10.174182,0.000000,3,0.000000
45.529840,10.174182,0.000000,4,0.000000
45.529840,10.174182,0.000000,5,0.000000
45.529840,10.174182,0.000000,0,0.000000
45.529840,10.174182,0.000000,1,0.000000
45.529840,10.174182,0.000000,2,0.000000
45.529840,10.174182,0.000000,3,0.000000
45.529840,10.174182,0.000000,4,0.000000
45.529840,10.174182,0.000000,5,0.000000
45.529840,10.174182,0.000000,0,0.000000
45.529840,10.174182,0.000000,1,0.000000
45.529840,10.174182,0.000000,2,0.000000
45.529840,10.174182,0.000000,3,0.000000
45.529840,10.174182,0.000000,4,0.000000
45.529840,10.174182,0.000000,5,0.000000
45.529840,10.174182,0.000000,0,0.000000
45.529840,10.174182,0.000000,1,0.000000
45.529840,10.174182,0.000000,2,0.000000
45.529840,10.174182,0.000000,3,0.000000
45.529840,10.174182,0.000000,4,0.000000
45.529840,10.174182,0.000000,5,0.000000
45.529840,10.174182,0.000000,0,0.000000
45.529840,10.174182,0.000000,1,0.000000
45.529840,10.174182,0.000000,2,0.000000
45.529840,10.174182,0.000000,3,0.000000
45.529840,10.174182,0.000000,4,0.000000
45.529840,10.174182,0.000000,5,0.000000
45.529840,10.174182,0.000000,0,0.000000
45.529840,10.174182,0.000000,1,0.000000
45.529840,10.174182,0.000000,2,0.000000
45.529840,10.174182,0.000000,3,0.000000
45.529840,10.174182,0.000000,4,0.000000
45.529840,10.174182,0.000000,5,0.000000
45.529840,10.174182,0.000000,0,0.000000
45.529840,10.174182,0.000000,1,0.000000
45.529840,10.174182,0.000000,2,0.000000
45.529840,10.174182,0.000000,3,0.000000
45.529840,10.174182,0.000000,4,0.000000
45.529840,10.174182,0.000000,5,0.000000
45.529840,10.174182,0.000000,0,0.000000
45.529840,10.174182,0.000000,1,0.000000
45.529840,10.174182,0.000000,2,0.000000
45.529840,10.174182,0.000000,3,0.000000
45.529840,10.174182,0.000000,4,0.000000
45.529840,10.174182,0.000000,5,0.000000
45.529840,10.174182,0.000000,0,0.000000
45.529840,10.174182,0.000000,1,0.000000
45.529840,10.174182,0.000000,2,0.000000
45.529840,10.174182,0.000000,3,0.000000
45.529840,10.174182,0.000000,4,0.000000
45.529840,10.174182,0.000000,5,0.000000
45.529840,10.174182,0.000000,0,0.000000
45.529840,10.174182,0.000000,1,0.000000
45.529840,10.174182,0.000000,2,0.000000
45.529840,10.174182,0.000000,3,0.000000
45.529840,10.174182,0.000000,4,0.000000
45.529840,10.174182,0.000000,5,0.000000
45.529840,10.174182,0.000000,0,0.000000
45.529840,10.174182,0.000000,1,0.000000
45.529840,10.174182,0.000000,2,0.000000
45.529840,10.174182,0.000000,3,0.000000
45.529840,10.174182,0.000000,4,0.000000
45.529840,10.174182,0.000000,5,0.000000
45.529840,10.174182,0.000000,0,0.000000
45.529840,10.174182,0.000000,1,0.000000
45.529840,10.174182,0.000000,2,0.000000
45.529840,10.174182,0.000000,3,0.000000
45.529840,10.174182,0.000000,4,0.000000
45.529840,10.174182,0.000000,5,0.000000
45.529840,10.174182,0.000000,0,0.000000
45.529840,10.174182,0.000000,1,0.000000
45.529840,10.174182,0.000000,2,0.000000
45.529840,10.174182,0.000000,3,0.000000
45.529840,10.174182,0.000000,4,0.000000
45.529840,10.174182,0.000000,5,0.000000
45.529840,10.174182,0.000000,0,0.000000
45.529840,10.174182,0.000000,1,0.000000
45.529840,10.174182,0.000000,2,0.000000
45.529840,10.174182,0.000000,3,0.000000
45.529840,10.174182,0.000000,4,0.000000
45.529840,10.174182,0.000000,5,0.000000
45.529840,10.174182,0.000000,0,0.000000
45.529840,10.174182,0.000000,1,0.000000
45.529840,10.174182,0.000000,2,0.000000
45.529840,10.174182,0.000000,3,0.000000
45.529840,10.174182,0.000000,4,0.000000
45.529840,10.174182,0.000000,5,0.000000
45.529840,10.174182,0.000000,0,0.000000
45.529840,10.174182,0.000000,1,0.000000
45.529840,10.174182,0.000000,2,0.000000
45.529840,10.174182,0.000000,3,0.000000
45.529840,10.174182,0.000000,4,0.000000
45.529840,10.174182,0.000000,5,0.000000
45.529840,10.174182,0.000000,0,0.000000
45.529840,10.174182,0.000000,1,0.000000
45.529840,10.174182,0.000000,2,0.000000
45.529840,10.174182,0.000000,3,0.000000
45.529840,10.174182,0.000000,4,0.000000
45.529840,10.174182,0.000000,5,0.000000
45.529840,10.174182,0.000000,0,0.000000
45.529840,10.174182,0.000000,1,0.000000
45.529840,10.174182,0.000000,2,0.000000
45.529840,10.174182,0.000000,3,0.000000
45.529840,10.174182,0.000000,4,0.000000
45.529840,10.174182,0.000000,5,0.000000
45.529840,10.174182,0.000000,0,0.000000
45.529840,10.174182,0.000000,1,0.000000
45.529840,10.174182,0.000000,2,0.000000
45.529840,10.174182,0.000000,3,0.000000
45.529840,10.174182,0.000000,4,0.000000
45.529840,10.174182,0.000000,5,0.000000
45.529840,10.174182,0.000000,0,0.000000
45.529840,10.174182,0.000000,1,0.000000
45.529840,10.174182,0.000000,2,0.000000
45.529840,10.174182,0.000000,3,0.000000
45.529840,10.174182,0.000000,4,0.000000
45.529840,10.174182,0.000000,5,0.000000
45.529840,10.174182,0.000000,0,0.000000
45.529840,10.174182,0.000000,1,0.000000
45.529840,10.174182,0.000000,2,0.000000
45.529840,10.174182,0.000000,3,0.000000
45.529840,10.174182,0.000000,4,0.000000
45.529840,10.174182,0.000000,5,0.000000
45.529840,10.174182,0.000000,0,0.000000
45.529840,10.174182,0.000000,1,0.000000
45.529840,10.174182,0.000000,2,0.000000
45.529840,10.174182,0.000000,3,0.000000
45.529840,10.174182,0.000000,4,0.000000
45.529840,10.174182,0.000000,5,0.000000
45.529840,10.174182,0.000000,0,0.000000
45.529840,10.174182,0.000000,1,0.000000
45.529840,10.174182,0.000000,2,0.000000
45.529840,10.174182,0.000000,3,0.000000
45.529840,10.174182,0.000000,4,0.000000
45.529840,10.174182,0.000000,5,0.000000
45.529840,10.174182,0.000000,0,0.000000
45.529840,10.174182,0.000000,1,0.000000
45.529840,10.174182,0.000000,2,0.000000
45.529840,10.174182,0.000000,3,0.000000
45.529840,10.174182,0.000000,4,0.000000
45.529840,10.174182,0.000000,5,0.000000
45.529840,10.174182,0.000000,0,0.000000
45.529840,10.174182,0.000000,1,0.000000
45.529840,10.174182,0.000000,2,0.000000
45.529840,10.174182,0.000000,3,0.000000
45.529840,10.174182,0.000000,4,0.000000
45.529840,10.174182,0.000000,5,0.000000
45.529840,10.174182,0.000000,0,0.000000
45.529840,10.174182,0.000000,1,0.000000
45.529840,10.174182,0.000000,2,0.000000
45.529840,10.174182,0.000000,3,0.000000
45.529840,10.174182,0.000000,4,0.000000
45.529840,10.174182,0.000000,5,0.000000
45.529840,10.174182,0.000000,0,0.000000
45.529840,10.174182,0.000000,1,0.000000
45.529840,10.174182,0.000000,2,0.000000
45.529840,10.174182,0.000000,3,0.000000
45.529840,10.174182,0.000000,4,0.000000
45.529840,10.174182,0.000000,5,0.000000
45.529840,10.174182,0.000000,0,0.000000
45.529840,10.174182,0.000000,1,0.000000
45.529840,10.174182,0.000000,2,0.000000
45.529840,10.174182,0.000000,3,0.000000
45.529840,10.174182,0.000000,4,0.000000
45.529840,10.174182,0.000000,5,0.000000
45.529840,10.174182,0.000000,0,0.000000
45.529840,10.174182,0.000000,1,0.000000
45.529840,10.174182,0.000000,2,0.000000
45.529840,10.174182,0.000000,3,0.000000
45.529840,10.174182,0.000000,4,0.000000
45.529840,10.174182,0.000000,5,0.000000
45.529840,10.174182,0.000000,0,0.000000
45.529840,10.174182,0.000000,1,0.000000
45.529840,10.174182,0.000000,2,0.000000
45.529840,10.174182,0.000000,3,0.000000
45.529840,10.174182,0.000000,4,0.000000
45.529840,10.174182,0.000000,5,0.000000
45.529840,10.174182,0.000000,0,0.000000
45.529840,10.174182,0.000000,1,0.000000
45.529840,10.174182,0.000000,2,0.000000
45.529840,10.174182,0.000000,3,0.000000
45.529840,10.174182,0.000000,4,0.000000
45.529840,10.174182,0.000000,5,0.000000
45.529840,10.174182,0.000000,0,0.000000
45.529840,10.174182,0.000000,1,0.000000
45.529840,10.174182,0.000000,2,0.000000
45.529840,10.174182,0.000000,3,0.000000
45.529840,10.174182,0.000000,4,0.000000
45.529840,10.174182,0.000000,5,0.000000
45.529840,10.174182,0.000000,0,0.000000
45.529840,10.174182,0.000000,1,0.000000
45.529840,10.174182,0.000000,2,0.000000
45.529840,10.174182,0.000000,3,0.000000
45.529840,10.174182,0.000000,4,0.000000
45.529840,10.174182,0.000000,5,0.000000
45.529840,10.174182,0.000000,0,0.000000
45.529840,10.174182,0.000000,1,0.000000
45.529840,10.174182,0.000000,2,0.000000
45.529840,10.174182,0.000000,3,0.000000
45.529840,10.174182,0.000000,4,0.000000
45.529840,10.174182,0.000000,5,0.000000
45.529840,10.174182,0.000000,0,0.000000
45.529840,10.174182,0.000000,1,0.000000
45.529840,10.174182,0.000000,2,0.000000
45.529840,10.174182,0.000000,3,0.000000
45.529840,10.174182,0.000000,4,0.000000
45.529840,10.174182,0.000000,5,0.000000
45.529840,10.174182,0.000000,0,0.000000
45.529840,10.174182,0.000000,1,0.000000
45.529840,10.174182,0.000000,2,0.000000
45.529840,10.174182,0.000000,3,0.000000
45.529840,10.174182,0.000000,4,0.000000
45.529840,10.174182,0.000000,5,0.000000
45.529840,10.174182,0.000000,0,0.000000
45.529840,10.174182,0.000000,1,0.000000
45.529840,10.174182,0.000000,2,0.000000
45.529840,10.174182,0.000000,3,0.000000
45.529840,10.174182,0.000000,4,0.000000
45.529840,10.174182,0.000000,5,0.000000
45.529840,10.174182,0.000000,0,0.000000
45.529840,10.174182,0.000000,1,0.000000
45.529840,10.174182,0.000000,2,0.000000
45.529840,10.174182,0.000000,3,0.000000
45.529840,10.174182,0.000000,4,0.000000
45.529840,10.174182,0.000000,5,0.000000
45.529840,10.174182,0.000000,0,0.000000
45.529840,10.174182,0.000000,1,0.000000
45.529840,10.174182,0.000000,2,0.000000
45.529840,10.174182,0.000000,3,0.000000
45.529840,10.174182,0.000000,4,0.000000
45.529840,10.174182,0.000000,5,0.000000
45.529840,10.174182,0.000000,0,0.000000
45.529840,10.174182,0.000000,1,0.000000
45.529840,10.174182,0.000000,2,0.000000
45.529840,10.174182,0.000000,3,0.000000
45.529840,10.174182,0.000000,4,0.000000
45.529840,10.174182,0.000000,5,0.000000
45.529840,10.174182,0.000000,0,0.000000
45.529840,10.174182,0.000000,1,0.000000
45.529840,10.174182,0.000000,2,0.000000
45.529840,10.174182,0.000000,3,0.000000
45.529840,10.174182,0.000000,4,0.000000
45.529840,10.174182,0.000000,5,0.000000
45.529840,10.174182,0.000000,0,0.000000
45.529840,10.174182,0.000000,1,0.000000
45.529840,10.174182,0.000000,2,0.000000
45.529840,10.174182,0.000000,3,0.000000
45.529840,10.174182,0.000000,4,0.000000
45.529840,10.174182,0.000000,5,0.000000
45.529840,10.174182,0.000000,0,0.000000
45.529840,10.174182,0.000000,1,0.000000
45.529840,10.174182,0.000000,2,0.000000
45.529840,10.174182,0.000000,3,0.000000
45.529840,10.174182,0.000000,4,0.000000
45.529840,10.174182,0.000000,5,0.000000
45.529840,10.174182,0.000000,0,0.000000
45.529840,10.174182,0.000000,1,0.000000
45.529840,10.174182,0.000000,2,0.000000
45.529840,10.174182,0.000000,3,0.000000
45.529840,10.174182,0.000000,4,0.000000
45.529840,10.174182,0.000000,5,0.000000
45.529840,10.174182,0.000000,0,0.000000
45.529840,10.174182,0.000000,1,0.000000
45.529840,10.174182,0.000000,2,0.000000
45.529840,10.174182,0.000000,3,0.000000
45.529840,10.174182,0.000000,4,0.000000
45.529840,10.174182,0.000000,5,0.000000
45.529840,10.174182,0.000000,0,0.000000
45.529840,10.174182,0.000000,1,0.000000
45.529840,10.174182,0.000000,2,0.000000
45.529840,10.174182,0.000000,3,0.000000
45.529840,10.174182,0.000000,4,0.000000
45.529840,10.174182,0.000000,5,0.000000
45.529840,10.174182,0.000000,0,0.000000
45.529840,10.174182,0.000000,1,0.000000
45.529840,10.174182,0.000000,2,0.000000
45.529840,10.174182,0.000000,3,0.000000
45.529840,10.174182,0.000000,4,0.000000
45.529840,10.174182,0.000000,5,0.000000
45.529840,10.174182,0.000000,0,0.000000
45.529840,10.174182,0.000000,1,0.000000
45.529840,10.174182,0.000000,2,0.000000
45.529840,10.174182,0.000000,3,0.000000
45.529840,10.174182,0.000000,4,0.000000
45.529840,10.174182,0.000000,5,0.000000
45.529840,10.174182,0.000000,0,0.000000
45.529840,10.174182,0.000000,1,0.000000
45.529840,10.174182,0.000000,2,0.000000
45.529840,10.174182,0.000000,3,0.000000
45.529840,10.174182,0.000000,4,0.000000
45.529840,10.174182,0.000000,5,0.000000
45.529840,10.174182,0.000000,0,0.000000
45.529840,10.174182,0.000000,1,0.000000
45.529840,10.174182,0.000000,2,0.000000
45.529840,10.174182,0.000000,3,0.000000
45.529840,10.174182,0.000000,4,0.000000
45.529840,10.174182,0.000000,5,0.000000
45.529840,10.174182,0.000000,0,0.000000
45.529840,10.174182,0.000000,1,0.000000
45.529840,10.174182,0.000000,2,0.000000
45.529840,10.174182,0.000000,3,0.000000
45.529840,10.174182,0.000000,4,0.000000
45.529840,10.174182,0.000000,5,0.000000
45.529840,10.174182,0.000000,0,0.000000
45.529840,10.174182,0.000000,1,0.000000
45.529840,10.174182,0.000000,2,0.000000
45.529840,10.174182,0.000000,3,0.000000
45.529840,10.174182,0.000000,4,0.000000
45.529840,10.174182,0.000000,5,0.000000
45.529840,10.174182,0.000000,0,0.000000
45.529840,10.174182,0.000000,1,0.000000
45.529840,10.174182,0.000000,2,0.000000
45.529840,10.174182,0.000000,3,0.000000
45.529840,10.174182,0.000000,4,0.000000
45.529840,10.174182,0.000000,5,0.000000
45.529840,10.174182,0.000000,0,0.000000
45.529840,10.174182,0.000000,1,0.000000
45.529840,10.174182,0.000000,2,0.000000
45.529840,10.174182,0.000000,3,0.000000
45.529840,10.174182,0.000000,4,0.000000
45.529840,10.174182,0.000000,5,0.000000
45.529840,10.174182,0.000000,0,0.000000
45.529840,10.174182,0.000000,1,0.000000
45.529840,10.174182,0.000000,2,0.000000
45.529840,10.174182,0.000000,3,0.000000
45.529840,10.174182,0.000000,4,0.000000
45.529840,10.174182,0.000000,5,0.000000
45.529840,10.174182,0.000000,0,0.000000
45.529840,10.174182,0.000000,1,0.000000
45.529840,10.174182,0.000000,2,0.000000
45.529840,10.174182,0.000000,3,0.000000
45.529840,10.174182,0.000000,4,0.000000
45.529840,10.174182,0.000000,5,0.000000
45.529840,10.174182,0.000000,0,0.000000
45.529840,10.174182,0.000000,1,0.000000
45.529840,10.174182,0.000000,2,0.000000
45.529840,10.174182,0.000000,3,0.000000
45.529840,10.174182,0.000000,4,0.000000
45.529840,10.174182,0.000000,5,0.000000
45.529840,10.174182,0.000000,0,0.000000
45.529840,10.174182,0.000000,1,0.000000
45.529840,10.174182,0.000000,2,0.000000
45.529840,10.174182,0.000000,3,0.000000
45.529840,10.174182,0.000000,4,0.000000
45.529840,10.174182,0.000000,5,0.000000
45.529840,10.174182,0.000000,0,0.000000
45.529840,10.174182,0.000000,1,0.000000
45.529840,10.174182,0.000000,2,0.000000
45.529840,10.174182,0.000000,3,0.000000
45.529840,10.174182,0.000000,4,0.000000
45.529840,10.174182,0.000000,5,0.000000
45.529840,10.174182,0.000000,0,0.000000
45.529840,10.174182,0.000000,1,0.000000
45.529840,10.174182,0.000000,2,0.000000
45.529840,10.174182,0.000000,3,0.000000
45.529840,10.174182,0.000000,4,0.000000
45.529840,10.174182,0.000000,5,0.000000
45.529840,10.174182,0.000000,0,0.000000
45.529840,10.174182,0.000000,1,0.000000
45.529840,10.174182,0.000000,2,0.000000
45.529840,10.174182,0.000000,3,0.000000
45.529840,10.174182,0.000000,4,0.000000
45.529840,10.174182,0.000000,5,0.000000
45.529840,10.174182,0.000000,0,0.000000
45.529840,10.174182,0.000000,1,0.000000
45.529840,10.174182,0.000000,2,0.000000
45.529840,10.174182,0.000000,3,0.000000
45.529840,10.174182,0.000000,4,0.000000
45.529840,10.174182,0.000000,5,0.000000
45.529840,10.174182,0.000000,0,0.000000
45.529840,10.174182,0.000000,1,0.000000
45.529840,10.174182,0.000000,2,0.000000
45.529840,10.174182,0.000000,3,0.000000
45.529840,10.174182,0.000000,4,0.000000
45.529840,10.174182,0.000000,5,0.000000
45.529840,10.174182,0.000000,0,0.000000
45.529840,10.174182,0.000000,1,0.000000
45.529840,10.174182,0.000000,2,0.000000
45.529840,10.174182,0.000000,3,0.000000
45.529840,10.174182,0.000000,4,0.000000
45.529840,10.174182,0.000000,5,0.000000
45.529840,10.174182,0.000000,0,0.000000
45.529840,10.174182,0.000000,1,0.000000
45.529840,10.174182,0.000000,2,0.000000
45.529840,10.174182,0.000000,3,0.000000
45.529840,10.174182,0.000000,4,0.000000
45.529840,10.174182,0.000000,5,0.000000
45.529840,10.174182,0.000000,0,0.000000
45.529840,10.174182,0.000000,1,0.000000
45.529840,10.174182,0.000000,2,0.000000
45.529840,10.174182,0.000000,3,0.000000
45.529840,10.174182,0.000000,4,0.000000
45.529840,10.174182,0.000000,5,0.000000
45.529840,10.174182,0.000000,0,0.000000
45.529840,10.174182,0.000000,1,0.000000
45.529840,10.174182,0.000000,2,0.000000
45.529840,10.174182,0.000000,3,0.000000
45.529840,10.174182,0.000000,4,0.000000
45.529840,10.174182,0.000000,5,0.000000
45.529840,10.174182,0.000000,0,0.000000
45.529840,10.174182,0.000000,1,0.000000
45.529840,10.174182,0.000000,2,0.000000
45.529840,10.174182,0.000000,3,0.000000
45.529840,10.174182,0.000000,4,0.000000
45.529840,10.174182,0.000000,5,0.000000
45.529840,10.174182,0.000000,0,0.000000
45.529840,10.174182,0.000000,1,0.000000
45.529840,10.174182,0.000000,2,0.000000
45.529840,10.174182,0.000000,3,0.000000
45.529840,10.174182,0.000000,4,0.000000
45.529840,10.174182,0.000000,5,0.000000
45.529840,10.174182,0.000000,0,0.000000
45.529840,10.174182,0.000000,1,0.000000
45.529840,10.174182,0.000000,2,0.000000
45.529840,10.174182,0.000000,3,0.000000
45.529840,10.174182,0.000000,4,0.000000
45.529840,10.174182,0.000000,5,0.000000
45.529840,10.174182,0.000000,0,0.000000
45.529840,10.174182,0.000000,1,0.000000
45.529840,10.174182,0.000000,2,0.000000
45.529840,10.174182,0.000000,3,0.000000
45.529840,10.174182,0.000000,4,0.000000
45.529840,10.174182,0.000000,5,0.000000
45.529840,10.174182,0.000000,0,0.000000
45.529840,10.174182,0.000000,1,0.000000
45.529840,10.174182,0.000000,2,0.000000
45.529840,10.174182,0.000000,3,0.000000
45.529840,10.174182,0.000000,4,0.000000
45.529840,10.174182,0.000000,5,0.000000
45.529840,10.174182,0.000000,0,0.000000
45.529840,10.174182,0.000000,1,0.000000
45.529840,10.174182,0.000000,2,0.000000
45.529840,10.174182,0.000000,3,0.000000
45.529840,10.174182,0.000000,4,0.000000
45.529840,10.174182,0.000000,5,0.000000
45.529840,10.174182,0.000000,0,0.000000
45.529840,10.174182,0.000000,1,0.000000
45.529840,10.174182,0.000000,2,0.000000
45.529840,10.174182,0.000000,3,0.000000
45.529840,10.174182,0.000000,4,0.000000
45.529840,10.174182,0.000000,5,0.000000
45.529840,10.174182,0.000000,0,0.000000
45.529840,10.174182,0.000000,1,0.000000
45.529840,10.174182,0.000000,2,0.000000
45.529840,10.174182,0.000000,3,0.000000
45.529840,10.174182,0.000000,4,0.000000
45.529840,10.174182,0.000000,5,0.000000
45.529840,10.174182,0.000000,0,0.000000
45.529840,10.174182,0.000000,1,0.000000
45.529840,10.174182,0.000000,2,0.000000
45.529840,10.174182,0.000000,3,0.000000
45.529840,10.174182,0.000000,4,0.000000
45.529840,10.174182,0.000000,5,0.000000
45.529840,10.174182,0.000000,0,0.000000
45.529840,10.174182,0.000000,1,0.000000
45.529840,10.174182,0.000000,2,0.000000
45.529840,10.174182,0.000000,3,0.000000
45.529840,10.174182,0.000000,4,0.000000
45.529840,10.174182,0.000000,5,0.000000
45.529840,10.174182,0.000000,0,0.000000
45.529840,10.174182,0.000000,1,0.000000
45.529840,10.174182,0.000000,2,0.000000
45.529840,10.174182,0.000000,3,0.000000
45.529840,10.174182,0.000000,4,0.000000
45.529840,10.174182,0.000000,5,0.000000
45.529840,10.174182,0.000000,0,0.000000
45.529840,10.174182,0.000000,1,0.000000
45.529840,10.174182,0.000000,2,0.000000
45.529840,10.174182,0.000000,3,0.000000
45.529840,10.174182,0.000000,4,0.000000
45.529840,10.174182,0.000000,5,0.000000
45.529840,10.174182,0.000000,0,0.000000
45.529840,10.174182,0.000000,1,0.000000
45.529840,10.174182,0.000000,2,0.000000
45.529840,10.174182,0.000000,3,0.000000
45.529840,10.174182,0.000000,4,0.000000
45.529840,10.174182,0.000000,5,0.000000
45.529840,10.174182,0.000000,0,0.000000
45.529840,10.174182,0.000000,1,0.000000
45.529840,10.174182,0.000000,2,0.000000
45.529840,10.174182,0.000000,3,0.000000
45.529840,10.174182,0.000000,4,0.000000
45.529840,10.174182,0.000000,5,0.000000
45.529840,10.174182,0.000000,0,0.000000
45.529840,10.174182,0.000000,1,0.000000
45.529840,10.174182,0.000000,2,0.000000
45.529840,10.174182,0.000000,3,0.000000
45.529840,10.174182,0.000000,4,0.000000
45.529840,10.174182,0.000000,5,0.000000
45.529840,10.174182,0.000000,0,0.000000
45.529840,10.174182,0.000000,1,0.000000
45.529840,10.174182,0.000000,2,0.000000
45.529840,10.174182,0.000000,3,0.000000
45.529840,10.174182,0.000000,4,0.000000
45.529840,10.174182,0.000000,5,0.000000
45.529840,10.174182,0.000000,0,0.000000
45.529840,10.174182,0.000000,1,0.000000
45.529840,10.174182,0.000000,2,0.000000
45.529840,10.174182,0.000000,3,0.000000
45.529840,10.174182,0.000000,4,0.000000
45.529840,10.174182,0.000000,5,0.000000
45.529810,10.174210,0.000000,0,0.000000
45.529810,10.174210,0.000000,1,0.000000
45.529810,10.174210,0.000000,2,0.000000
45.529810,10.174210,0.000000,3,0.000000
45.529810,10.174210,0.000000,4,0.000000
45.529810,10.174210,0.000000,5,0.000000
45.529810,10.174210,0.000000,0,0.000000
45.529810,10.174210,0.000000,1,0.000000
45.529810,10.174210,0.000000,2,0.000000
45.529810,10.174210,0.000000,3,0.000000
45.529810,10.174210,0.000000,4,0.000000
45.529810,10.174210,0.000000,5,0.000000
45.529810,10.174210,0.000000,0,0.000000
45.529810,10.174210,0.000000,1,0.000000
45.529810,10.174210,0.000000,2,0.000000
45.529810,10.174210,0.000000,3,0.000000
45.529810,10.174210,0.000000,4,0.000000
45.529810,10.174210,0.000000,5,0.000000
45.529810,10.174210,0.000000,0,0.000000
45.529810,10.174210,0.000000,1,0.000000
45.529810,10.174210,0.000000,2,0.000000
45.529810,10.174210,0.000000,3,0.000000
45.529810,10.174210,0.000000,4,0.000000
45.529810,10.174210,0.000000,5,0.000000
45.529810,10.174210,0.000000,0,0.000000
45.529810,10.174210,0.000000,1,0.000000
45.529810,10.174210,0.000000,2,0.000000
45.529810,10.174210,0.000000,3,0.000000
45.529810,10.174210,0.000000,4,0.000000
45.529810,10.174210,0.000000,5,0.000000
45.529797,10.174203,0.000000,0,71503202.127084
45.529797,10.174203,0.000000,1,9632102612844488704.000000
45.529797,10.174203,0.000000,2,93359151580656862281529586315601118326336085259452416.000000
45.529797,10.174203,0.000000,3,1123095147647332447837081095932159584466472989688843358974139251914618539904371245470007927932836305024613741294034173619601408.000000
45.529797,10.174203,0.000000,4,69427444544164038294009277553035667378966667008514414523479605738053916922492245377998205838541251386112161528119072432869842746310793995120308206561003956476923060765661680024167607663100491234760527049341971516811023027798016.000000
45.529797,10.174203,0.000000,5,inf
45.529797,10.174208,0.000000,0,49155.276027
45.529797,10.174208,0.000000,1,1028611854055.257446
45.529797,10.174208,0.000000,2,21875637283696334544906887440105472.000000
45.529797,10.174208,0.000000,3,20711500829413423516312416389250827825803160471202036443794007705296616519330955264.000000
45.529797,10.174208,0.000000,4,12634494322923811855318107079834678462167648419601519673738700477007103752157711580613559309824779299073854643501083226433963344279463664662781886464.000000
45.529797,10.174208,0.000000,5,inf
45.529797,10.174208,0.000000,0,63435.021018
45.529797,10.174208,0.000000,1,1327426470875.779541
45.529797,10.174208,0.000000,2,28230571019742204127730581169504256.000000
45.529797,10.174208,0.000000,3,26728249673712302852488500245773188436378080406292115129695108281063053141829746688.000000
45.529797,10.174208,0.000000,4,16304850215616767345544361366534666953328841322077057744808462574463914508031396134448297310311214754494556311214759872504011394222165659145780330496.000000
45.529797,10.174208,0.000000,5,inf
45.529797,10.174207,0.000000,0,118298.597506
45.529797,10.174207,0.000000,1,11609119253461.501953
45.529797,10.174207,0.000000,2,27886235129891721851912294954862379008.000000
45.529797,10.174207,0.000000,3,694567177243373352293503695660517890497634468384872168899088885786440333885842357502345216.000000
45.529797,10.174207,0.000000,4,614528992207772861414613472757823837131884239519306142188094428386205076142350649767603821513450378450808426169763443028491850903306236332496142274613752035803136.000000
45.529797,10.174207,0.000000,5,inf
45.529797,10.174210,0.000000,0,1575.546388
45.529797,10.174210,0.000000,1,1984366884.582569
45.529797,10.174210,0.000000,2,7837564753513897477365825536.000000
45.529797,10.174210,0.000000,3,68778077325813162476484087896138215464743113223990625516143605972992.000000
45.529797,10.174210,0.000000,4,267912806114483736595562704132552104655522455316354062169785174196594808265003472925239969651557323226002825475502158905344.000000
45.529797,10.174210,0.000000,5,36076137817053337170874033305303523215041181983236226334852671849843393807206398244084697260617363400619553396704978540224604761201331958715773948043616903209892675943660670340718731898240390278236332295444176502710777007004057066480968432359451137581144953405775849216099095674880.000000
45.529797,10.174212,0.000000,0,734.867295
45.529797,10.174212,0.000000,1,141412282.180428
45.529797,10.174212,0.000000,2,1796770638726323865911296.000000
45.529797,10.174212,0.000000,3,67925219639367820191152049361608297301942644434426270842880.000000
45.529797,10.174212,0.000000,4,8861801895916455374986676256520182498173120380773102727304292062640937165019945982194791480709998402600960.000000
45.529797,10.174212,0.000000,5,463649428408408206566069718981217240058693658454235177096268140361672254473792276804552436033911451340597797325735248829558129600638677430047149965648414248579259998131906803295539159915449662517620620318898749778544015798712282929529865895936.000000
45.529797,10.174212,0.000000,0,488.935610
45.529797,10.174212,0.000000,1,94087056.271440
45.529797,10.174212,0.000000,2,1195460942897594226442240.000000
45.529797,10.174212,0.000000,3,45193273624599310681398854489638576908030571545368706678784.000000
45.529797,10.174212,0.000000,4,5896099269394615139561748369342483671856634256619641503441628998677322177731588515276872654724382083514368.000000
45.529797,10.174212,0.000000,5,308483882646231841985239579613686250225437472017668722899000895769964684679340032388374004448627942040704468503982726928453945866107998966504404381904603657889168520537214055038218450258303379144836817455604664023882350240382485766944403226624.000000
45.529797,10.174212,0.000000,0,301.559089
45.529797,10.174212,0.000000,1,58029741.293164
45.529797,10.174212,0.000000,2,737320222266180803493888.000000
45.529797,10.174212,0.000000,3,27873695708585207666807248907884905618961414281125764792320.000000
45.529797,10.174212,0.000000,4,3636516315854164029856010129109558333117288546027321749722851990130013891033958271980894188812377285197824.000000
45.529797,10.174212,0.000000,5,190262514446478314185231940929606388376735019213356258008366214176443991643501373653531634799540532081297362642854144963102560083905272666391705738536569570371479594841310990768278088559467662164055419319622900700587095558436861751953249533952.000000
45.529797,10.174212,0.000000,0,491.863369
45.529797,10.174212,0.000000,1,94650451.817976
45.529797,10.174212,0.000000,2,1202619391657459950026752.000000
45.529797,10.174212,0.000000,3,45463892029537035745065288641906796939612850264386257813504.000000
45.529797,10.174212,0.000000,4,5931405253043684544921808443327570189524349067063244550662113459799731246857613642598437178644645004967936.000000
45.529797,10.174212,0.000000,5,310331091524352966057121140049291586139212638757922223715276847077795501382733533334760532356493277583918864163048188102704384487352556599262621922311594485257025460252425536256916813120735674391027449415315714426651088946931315347639012163584.000000
45.529797,10.174212,0.000000,0,948.593640
45.529797,10.174212,0.000000,1,182540157.077524
45.529797,10.174212,0.000000,2,2319337398196529606426624.000000
45.529797,10.174212,0.000000,3,87680363199821415327623764517841236571674901197284913971200.000000
45.529797,10.174212,0.000000,4,11439138702298532151450943329861929630144743590046930431741626054258052391922027048575500543572722585698304.000000
45.529797,10.174212,0.000000,5,598495676511252064218926176768551770956802851217139533122054505830612623454618584109036859121120514274653449986041811233609878290504502129943224152020941755896819635821449234301812641801974833595031565412134755352352900886841922090993778163712.000000
45.529797,10.174212,0.000000,0,980.798979
45.529797,10.174212,0.000000,1,188737508.089415
45.529797,10.174212,0.000000,2,2398080334555053773815808.000000
45.529797,10.174212,0.000000,3,90657165654136346426464143131545373847643421809754964492288.000000
45.529797,10.174212,0.000000,4,11827504522438296628929592310940924458712450709615644476901151959572677470378528126303360188363967813386240.000000
45.529797,10.174212,0.000000,5,618814974170584713284176375137285993775570004421675220485980799690008041344541947922173069130750716030970450059213657310959923546144075696896174002286608821595456978764423575398225105856461810477680329395429361283602336055205112705596180660224.000000
45.529797,10.174212,0.000000,0,1074.487240
45.529797,10.174212,0.000000,1,206766165.578554
45.529797,10.174212,0.000000,2,2627150694870760955052032.000000
45.529797,10.174212,0.000000,3,99316954612143392358573646289766424108248432279786058940416.000000
45.529797,10.174212,0.000000,4,12957295999208523711559443681921951829416389871945425142361835713298519590832680263737324243822499850092544.000000
45.529797,10.174212,0.000000,5,677925658270461441649861065282191483729016190941113055633186786802611333593386920614233703577405482163054172011846476648561213884501758896125953710747029869772775065852919101571853977634913202821252051910111111507650799721637166559721544482816.000000
45.529797,10.174212,0.000000,0,711.445230
45.529797,10.174212,0.000000,1,136905117.808143
45.529797,10.174212,0.000000,2,1739503048647397271928832.000000
45.529797,10.174212,0.000000,3,65760272399866064283310973204708820120720959979008873725952.000000
45.529797,10.174212,0.000000,4,8579354026723899113588207497396447222608557692535197823806219540693539293941520286431625407679541939273728.000000
45.529797,10.174212,0.000000,5,448871757383439024474648546444990867570332111824375718309466643583521431411581033631537277422247759807576866837577043995157807016049256630239705038533308986534930476359782921752131941970836814431727689690228312222531899882104269465998524940288.000000
45.529797,10.174212,0.000000,0,360.114252
45.529797,10.174212,0.000000,1,69297652.223875
45.529797,10.174212,0.000000,2,880489197463497422667776.000000
45.529797,10.174212,0.000000,3,33286063807339608586782538565445169339874761743850010574848.000000
45.529797,10.174212,0.000000,4,4342635988835554174093187943297374954917273164277543745600934878514445909694910172793484430554341897666560.000000
45.529797,10.174212,0.000000,5,227206692008901245724238786138749358950368859199525973443295720332383013119646577135829164410107135015436468211295342619053764843549704698692604980841935395094619148765316690652568594040355471614241761522426240298884609566929723308534793240576.000000
45.529835,10.174004,0.000000,0,278693512995230979961400120934711725824019529728.000000
45.529835,10.174004,0.000000,1,11371555124893536828255700509992148087592829049417451437077495171690083062084751164385331023771175223296.000000
45.529835,10.174004,0.000000,2,44288423840840474175925737609276266495698180040545444954641145154886686230514957146957449710870413063455699261288861567523218497958025430057239090622953375682783791261117890104211044280778607412839283116823218925012520234720531779793604028140061669934254069710006421291008.000000
45.529835,10.174004,0.000000,3,inf
45.529835,10.174004,0.000000,4,inf
45.529835,10.174004,0.000000,5,inf
45.529840,10.173971,0.000000,0,3889122374352566181715950122278698467303188311622811648.000000
45.529840,10.173971,0.000000,1,10372855652625142454549044156614118145156156077532989657990188499851607197922139491275623428120141479729546473863380992.000000
45.529840,10.173971,0.000000,2,inf
45.529840,10.173971,0.000000,3,inf
45.529840,10.173971,0.000000,4,inf
45.529840,10.173971,0.000000,5,inf
45.529840,10.173958,0.000000,0,13361152720936354964149046186981108064197615942979517218006499328.000000
45.529840,10.173958,0.000000,1,3285471785519378548630185004102315780812642516739645184007205059183215606707523328203610697465646518525806385901463738801838172817103781888.000000
45.529840,10.173958,0.000000,2,inf
45.529840,10.173958,0.000000,3,inf
45.529840,10.173958,0.000000,4,inf
45.529840,10.173958,0.000000,5,inf
45.529778,10.174171,0.000000,0,0.000000
45.529778,10.174171,0.000000,1,0.000000
45.529778,10.174171,0.000000,2,0.000000
45.529778,10.174171,0.000000,3,0.000000
45.529778,10.174171,0.000000,4,0.000000
45.529778,10.174171,0.000000,5,0.000000
45.529778,10.174174,0.000000,0,0.000000
45.529778,10.174174,0.000000,1,0.000000
45.529778,10.174174,0.000000,2,0.000000
45.529778,10.174174,0.000000,3,0.000000
45.529778,10.174174,0.000000,4,0.000000
45.529778,10.174174,0.000000,5,0.000000
45.529780,10.174173,0.000000,0,0.000000
45.529780,10.174173,0.000000,1,0.000000
45.529780,10.174173,0.000000,2,0.000000
45.529780,10.174173,0.000000,3,0.000000
45.529780,10.174173,0.000000,4,0.000000
45.529780,10.174173,0.000000,5,0.000000
45.529780,10.174173,0.000000,0,0.000000
45.529780,10.174173,0.000000,1,0.000000
45.529780,10.174173,0.000000,2,0.000000
45.529780,10.174173,0.000000,3,0.000000
45.529780,10.174173,0.000000,4,0.000000
45.529780,10.174173,0.000000,5,0.000000
45.529780,10.174173,0.000000,0,0.000000
45.529780,10.174173,0.000000,1,0.000000
45.529780,10.174173,0.000000,2,0.000000
45.529780,10.174173,0.000000,3,0.000000
45.529780,10.174173,0.000000,4,0.000000
45.529780,10.174173,0.000000,5,0.000000
45.529780,10.174173,0.000000,0,0.000000
45.529780,10.174173,0.000000,1,0.000000
45.529780,10.174173,0.000000,2,0.000000
45.529780,10.174173,0.000000,3,0.000000
45.529780,10.174173,0.000000,4,0.000000
45.529780,10.174173,0.000000,5,0.000000
45.529780,10.174173,0.000000,0,0.000000
45.529780,10.174173,0.000000,1,0.000000
45.529780,10.174173,0.000000,2,0.000000
45.529780,10.174173,0.000000,3,0.000000
45.529780,10.174173,0.000000,4,0.000000
45.529780,10.174173,0.000000,5,0.000000
45.529780,10.174173,0.000000,0,0.000000
45.529780,10.174173,0.000000,1,0.000000
45.529780,10.174173,0.000000,2,0.000000
45.529780,10.174173,0.000000,3,0.000000
45.529780,10.174173,0.000000,4,0.000000
45.529780,10.174173,0.000000,5,0.000000
45.529780,10.174173,0.000000,0,0.000000
45.529780,10.174173,0.000000,1,0.000000
45.529780,10.174173,0.000000,2,0.000000
45.529780,10.174173,0.000000,3,0.000000
45.529780,10.174173,0.000000,4,0.000000
45.529780,10.174173,0.000000,5,0.000000
45.529780,10.174173,0.000000,0,0.000000
45.529780,10.174173,0.000000,1,0.000000
45.529780,10.174173,0.000000,2,0.000000
45.529780,10.174173,0.000000,3,0.000000
45.529780,10.174173,0.000000,4,0.000000
45.529780,10.174173,0.000000,5,0.000000
45.529780,10.174173,0.000000,0,0.000000
45.529780,10.174173,0.000000,1,0.000000
45.529780,10.174173,0.000000,2,0.000000
45.529780,10.174173,0.000000,3,0.000000
45.529780,10.174173,0.000000,4,0.000000
45.529780,10.174173,0.000000,5,0.000000
45.529780,10.174173,0.000000,0,0.000000
45.529780,10.174173,0.000000,1,0.000000
45.529780,10.174173,0.000000,2,0.000000
45.529780,10.174173,0.000000,3,0.000000
45.529780,10.174173,0.000000,4,0.000000
45.529780,10.174173,0.000000,5,0.000000
45.529780,10.174173,0.000000,0,0.000000
45.529780,10.174173,0.000000,1,0.000000
45.529780,10.174173,0.000000,2,0.000000
45.529780,10.174173,0.000000,3,0.000000
45.529780,10.174173,0.000000,4,0.000000
45.529780,10.174173,0.000000,5,0.000000
45.529780,10.174173,0.000000,0,0.000000
45.529780,10.174173,0.000000,1,0.000000
45.529780,10.174173,0.000000,2,0.000000
45.529780,10.174173,0.000000,3,0.000000
45.529780,10.174173,0.000000,4,0.000000
45.529780,10.174173,0.000000,5,0.000000
45.529780,10.174173,0.000000,0,0.000000
45.529780,10.174173,0.000000,1,0.000000
45.529780,10.174173,0.000000,2,0.000000
45.529780,10.174173,0.000000,3,0.000000
45.529780,10.174173,0.000000,4,0.000000
45.529780,10.174173,0.000000,5,0.000000
45.529780,10.174173,0.000000,0,0.000000
45.529780,10.174173,0.000000,1,0.000000
45.529780,10.174173,0.000000,2,0.000000
45.529780,10.174173,0.000000,3,0.000000
45.529780,10.174173,0.000000,4,0.000000
45.529780,10.174173,0.000000,5,0.000000
45.529780,10.174173,0.000000,0,0.000000
45.529780,10.174173,0.000000,1,0.000000
45.529780,10.174173,0.000000,2,0.000000
45.529780,10.174173,0.000000,3,0.000000
45.529780,10.174173,0.000000,4,0.000000
45.529780,10.174173,0.000000,5,0.000000
45.529827,10.174212,0.000000,0,0.000000
45.529827,10.174212,0.000000,1,0.000000
45.529827,10.174212,0.000000,2,0.000000
45.529827,10.174212,0.000000,3,0.000000
45.529827,10.174212,0.000000,4,0.000000
45.529827,10.174212,0.000000,5,0.000000
45.529827,10.174212,0.000000,0,0.000000
45.529827,10.174212,0.000000,1,0.000000
45.529827,10.174212,0.000000,2,0.000000
45.529827,10.174212,0.000000,3,0.000000
45.529827,10.174212,0.000000,4,0.000000
45.529827,10.174212,0.000000,5,0.000000
45.529827,10.174212,0.000000,0,0.000000
45.529827,10.174212,0.000000,1,0.000000
45.529827,10.174212,0.000000,2,0.000000
45.529827,10.174212,0.000000,3,0.000000
45.529827,10.174212,0.000000,4,0.000000
45.529827,10.174212,0.000000,5,0.000000
45.529827,10.174212,0.000000,0,0.000000
45.529827,10.174212,0.000000,1,0.000000
45.529827,10.174212,0.000000,2,0.000000
45.529827,10.174212,0.000000,3,0.000000
45.529827,10.174212,0.000000,4,0.000000
45.529827,10.174212,0.000000,5,0.000000
45.529827,10.174212,0.000000,0,0.000000
45.529827,10.174212,0.000000,1,0.000000
45.529827,10.174212,0.000000,2,0.000000
45.529827,10.174212,0.000000,3,0.000000
45.529827,10.174212,0.000000,4,0.000000
45.529827,10.174212,0.000000,5,0.000000
45.529827,10.174212,0.000000,0,0.000000
45.529827,10.174212,0.000000,1,0.000000
45.529827,10.174212,0.000000,2,0.000000
45.529827,10.174212,0.000000,3,0.000000
45.529827,10.174212,0.000000,4,0.000000
45.529827,10.174212,0.000000,5,0.000000
45.529827,10.174212,0.000000,0,0.000000
45.529827,10.174212,0.000000,1,0.000000
45.529827,10.174212,0.000000,2,0.000000
45.529827,10.174212,0.000000,3,0.000000
45.529827,10.174212,0.000000,4,0.000000
45.529827,10.174212,0.000000,5,0.000000
45.529827,10.174212,0.000000,0,0.000000
45.529827,10.174212,0.000000,1,0.000000
45.529827,10.174212,0.000000,2,0.000000
45.529827,10.174212,0.000000,3,0.000000
45.529827,10.174212,0.000000,4,0.000000
45.529827,10.174212,0.000000,5,0.000000
45.529827,10.174212,0.000000,0,0.000000
45.529827,10.174212,0.000000,1,0.000000
45.529827,10.174212,0.000000,2,0.000000
45.529827,10.174212,0.000000,3,0.000000
45.529827,10.174212,0.000000,4,0.000000
45.529827,10.174212,0.000000,5,0.000000
45.529827,10.174212,0.000000,0,0.000000
45.529827,10.174212,0.000000,1,0.000000
45.529827,10.174212,0.000000,2,0.000000
45.529827,10.174212,0.000000,3,0.000000
45.529827,10.174212,0.000000,4,0.000000
45.529827,10.174212,0.000000,5,0.000000
45.529827,10.174212,0.000000,0,0.000000
45.529827,10.174212,0.000000,1,0.000000
45.529827,10.174212,0.000000,2,0.000000
45.529827,10.174212,0.000000,3,0.000000
45.529827,10.174212,0.000000,4,0.000000
45.529827,10.174212,0.000000,5,0.000000
45.529827,10.174212,0.000000,0,0.000000
45.529827,10.174212,0.000000,1,0.000000
45.529827,10.174212,0.000000,2,0.000000
45.529827,10.174212,0.000000,3,0.000000
45.529827,10.174212,0.000000,4,0.000000
45.529827,10.174212,0.000000,5,0.000000
45.529827,10.174212,0.000000,0,0.000000
45.529827,10.174212,0.000000,1,0.000000
45.529827,10.174212,0.000000,2,0.000000
45.529827,10.174212,0.000000,3,0.000000
45.529827,10.174212,0.000000,4,0.000000
45.529827,10.174212,0.000000,5,0.000000
45.529827,10.174212,0.000000,0,0.000000
45.529827,10.174212,0.000000,1,0.000000
45.529827,10.174212,0.000000,2,0.000000
45.529827,10.174212,0.000000,3,0.000000
45.529827,10.174212,0.000000,4,0.000000
45.529827,10.174212,0.000000,5,0.000000
45.529827,10.174212,0.000000,0,0.000000
45.529827,10.174212,0.000000,1,0.000000
45.529827,10.174212,0.000000,2,0.000000
45.529827,10.174212,0.000000,3,0.000000
45.529827,10.174212,0.000000,4,0.000000
45.529827,10.174212,0.000000,5,0.000000
45.529827,10.174212,0.000000,0,0.000000
45.529827,10.174212,0.000000,1,0.000000
45.529827,10.174212,0.000000,2,0.000000
45.529827,10.174212,0.000000,3,0.000000
45.529827,10.174212,0.000000,4,0.000000
45.529827,10.174212,0.000000,5,0.000000
45.529827,10.174212,0.000000,0,0.000000
45.529827,10.174212,0.000000,1,0.000000
45.529827,10.174212,0.000000,2,0.000000
45.529827,10.174212,0.000000,3,0.000000
45.529827,10.174212,0.000000,4,0.000000
45.529827,10.174212,0.000000,5,0.000000
45.529827,10.174212,0.000000,0,0.000000
45.529827,10.174212,0.000000,1,0.000000
45.529827,10.174212,0.000000,2,0.000000
45.529827,10.174212,0.000000,3,0.000000
45.529827,10.174212,0.000000,4,0.000000
45.529827,10.174212,0.000000,5,0.000000
45.529827,10.174212,0.000000,0,0.000000
45.529827,10.174212,0.000000,1,0.000000
45.529827,10.174212,0.000000,2,0.000000
45.529827,10.174212,0.000000,3,0.000000
45.529827,10.174212,0.000000,4,0.000000
45.529827,10.174212,0.000000,5,0.000000
45.529827,10.174212,0.000000,0,0.000000
45.529827,10.174212,0.000000,1,0.000000
45.529827,10.174212,0.000000,2,0.000000
45.529827,10.174212,0.000000,3,0.000000
45.529827,10.174212,0.000000,4,0.000000
45.529827,10.174212,0.000000,5,0.000000
45.529827,10.174212,0.000000,0,0.000000
45.529827,10.174212,0.000000,1,0.000000
45.529827,10.174212,0.000000,2,0.000000
45.529827,10.174212,0.000000,3,0.000000
45.529827,10.174212,0.000000,4,0.000000
45.529827,10.174212,0.000000,5,0.000000
45.529827,10.174212,0.000000,0,0.000000
45.529827,10.174212,0.000000,1,0.000000
45.529827,10.174212,0.000000,2,0.000000
45.529827,10.174212,0.000000,3,0.000000
45.529827,10.174212,0.000000,4,0.000000
45.529827,10.174212,0.000000,5,0.000000
45.529827,10.174212,0.000000,0,0.000000
45.529827,10.174212,0.000000,1,0.000000
45.529827,10.174212,0.000000,2,0.000000
45.529827,10.174212,0.000000,3,0.000000
45.529827,10.174212,0.000000,4,0.000000
45.529827,10.174212,0.000000,5,0.000000
45.529827,10.174212,0.000000,0,0.000000
45.529827,10.174212,0.000000,1,0.000000
45.529827,10.174212,0.000000,2,0.000000
45.529827,10.174212,0.000000,3,0.000000
45.529827,10.174212,0.000000,4,0.000000
45.529827,10.174212,0.000000,5,0.000000
45.529827,10.174212,0.000000,0,0.000000
45.529827,10.174212,0.000000,1,0.000000
45.529827,10.174212,0.000000,2,0.000000
45.529827,10.174212,0.000000,3,0.000000
45.529827,10.174212,0.000000,4,0.000000
45.529827,10.174212,0.000000,5,0.000000
45.529827,10.174212,0.000000,0,0.000000
45.529827,10.174212,0.000000,1,0.000000
45.529827,10.174212,0.000000,2,0.000000
45.529827,10.174212,0.000000,3,0.000000
45.529827,10.174212,0.000000,4,0.000000
45.529827,10.174212,0.000000,5,0.000000
45.529827,10.174212,0.000000,0,0.000000
45.529827,10.174212,0.000000,1,0.000000
45.529827,10.174212,0.000000,2,0.000000
45.529827,10.174212,0.000000,3,0.000000
45.529827,10.174212,0.000000,4,0.000000
45.529827,10.174212,0.000000,5,0.000000
45.529827,10.174212,0.000000,0,0.000000
45.529827,10.174212,0.000000,1,0.000000
45.529827,10.174212,0.000000,2,0.000000
45.529827,10.174212,0.000000,3,0.000000
45.529827,10.174212,0.000000,4,0.000000
45.529827,10.174212,0.000000,5,0.000000
45.529827,10.174212,0.000000,0,0.000000
45.529827,10.174212,0.000000,1,0.000000
45.529827,10.174212,0.000000,2,0.000000
45.529827,10.174212,0.000000,3,0.000000
45.529827,10.174212,0.000000,4,0.000000
45.529827,10.174212,0.000000,5,0.000000
45.529827,10.174212,0.000000,0,0.000000
45.529827,10.174212,0.000000,1,0.000000
45.529827,10.174212,0.000000,2,0.000000
45.529827,10.174212,0.000000,3,0.000000
45.529827,10.174212,0.000000,4,0.000000
45.529827,10.174212,0.000000,5,0.000000
45.529827,10.174212,0.000000,0,0.000000
45.529827,10.174212,0.000000,1,0.000000
45.529827,10.174212,0.000000,2,0.000000
45.529827,10.174212,0.000000,3,0.000000
45.529827,10.174212,0.000000,4,0.000000
45.529827,10.174212,0.000000,5,0.000000
45.529827,10.174212,0.000000,0,0.000000
45.529827,10.174212,0.000000,1,0.000000
45.529827,10.174212,0.000000,2,0.000000
45.529827,10.174212,0.000000,3,0.000000
45.529827,10.174212,0.000000,4,0.000000
45.529827,10.174212,0.000000,5,0.000000
45.529827,10.174212,0.000000,0,0.000000
45.529827,10.174212,0.000000,1,0.000000
45.529827,10.174212,0.000000,2,0.000000
45.529827,10.174212,0.000000,3,0.000000
45.529827,10.174212,0.000000,4,0.000000
45.529827,10.174212,0.000000,5,0.000000
45.529827,10.174212,0.000000,0,0.000000
45.529827,10.174212,0.000000,1,0.000000
45.529827,10.174212,0.000000,2,0.000000
45.529827,10.174212,0.000000,3,0.000000
45.529827,10.174212,0.000000,4,0.000000
45.529827,10.174212,0.000000,5,0.000000
45.529827,10.174212,0.000000,0,0.000000
45.529827,10.174212,0.000000,1,0.000000
45.529827,10.174212,0.000000,2,0.000000
45.529827,10.174212,0.000000,3,0.000000
45.529827,10.174212,0.000000,4,0.000000
45.529827,10.174212,0.000000,5,0.000000
45.529827,10.174212,0.000000,0,0.000000
45.529827,10.174212,0.000000,1,0.000000
45.529827,10.174212,0.000000,2,0.000000
45.529827,10.174212,0.000000,3,0.000000
45.529827,10.174212,0.000000,4,0.000000
45.529827,10.174212,0.000000,5,0.000000
45.529827,10.174212,0.000000,0,0.000000
45.529827,10.174212,0.000000,1,0.000000
45.529827,10.174212,0.000000,2,0.000000
45.529827,10.174212,0.000000,3,0.000000
45.529827,10.174212,0.000000,4,0.000000
45.529827,10.174212,0.000000,5,0.000000
45.529827,10.174212,0.000000,0,0.000000
45.529827,10.174212,0.000000,1,0.000000
45.529827,10.174212,0.000000,2,0.000000
45.529827,10.174212,0.000000,3,0.000000
45.529827,10.174212,0.000000,4,0.000000
45.529827,10.174212,0.000000,5,0.000000
45.529827,10.174212,0.000000,0,0.000000
45.529827,10.174212,0.000000,1,0.000000
45.529827,10.174212,0.000000,2,0.000000
45.529827,10.174212,0.000000,3,0.000000
45.529827,10.174212,0.000000,4,0.000000
45.529827,10.174212,0.000000,5,0.000000
45.529827,10.174212,0.000000,0,0.000000
45.529827,10.174212,0.000000,1,0.000000
45.529827,10.174212,0.000000,2,0.000000
45.529827,10.174212,0.000000,3,0.000000
45.529827,10.174212,0.000000,4,0.000000
45.529827,10.174212,0.000000,5,0.000000
45.529827,10.174212,0.000000,0,0.000000
45.529827,10.174212,0.000000,1,0.000000
45.529827,10.174212,0.000000,2,0.000000
45.529827,10.174212,0.000000,3,0.000000
45.529827,10.174212,0.000000,4,0.000000
45.529827,10.174212,0.000000,5,0.000000
45.529827,10.174212,0.000000,0,0.000000
45.529827,10.174212,0.000000,1,0.000000
45.529827,10.174212,0.000000,2,0.000000
45.529827,10.174212,0.000000,3,0.000000
45.529827,10.174212,0.000000,4,0.000000
45.529827,10.174212,0.000000,5,0.000000
45.529827,10.174212,0.000000,0,0.000000
45.529827,10.174212,0.000000,1,0.000000
45.529827,10.174212,0.000000,2,0.000000
45.529827,10.174212,0.000000,3,0.000000
45.529827,10.174212,0.000000,4,0.000000
45.529827,10.174212,0.000000,5,0.000000
45.529827,10.174212,0.000000,0,0.000000
45.529827,10.174212,0.000000,1,0.000000
45.529827,10.174212,0.000000,2,0.000000
45.529827,10.174212,0.000000,3,0.000000
45.529827,10.174212,0.000000,4,0.000000
45.529827,10.174212,0.000000,5,0.000000
45.529827,10.174212,0.000000,0,0.000000
45.529827,10.174212,0.000000,1,0.000000
45.529827,10.174212,0.000000,2,0.000000
45.529827,10.174212,0.000000,3,0.000000
45.529827,10.174212,0.000000,4,0.000000
45.529827,10.174212,0.000000,5,0.000000
45.529827,10.174212,0.000000,0,0.000000
45.529827,10.174212,0.000000,1,0.000000
45.529827,10.174212,0.000000,2,0.000000
45.529827,10.174212,0.000000,3,0.000000
45.529827,10.174212,0.000000,4,0.000000
45.529827,10.174212,0.000000,5,0.000000
45.529827,10.174212,0.000000,0,0.000000
45.529827,10.174212,0.000000,1,0.000000
45.529827,10.174212,0.000000,2,0.000000
45.529827,10.174212,0.000000,3,0.000000
45.529827,10.174212,0.000000,4,0.000000
45.529827,10.174212,0.000000,5,0.000000
45.529827,10.174212,0.000000,0,0.000000
45.529827,10.174212,0.000000,1,0.000000
45.529827,10.174212,0.000000,2,0.000000
45.529827,10.174212,0.000000,3,0.000000
45.529827,10.174212,0.000000,4,0.000000
45.529827,10.174212,0.000000,5,0.000000
45.529797,10.174212,0.000000,0,0.000000
45.529797,10.174212,0.000000,1,0.000000
45.529797,10.174212,0.000000,2,0.000000
45.529797,10.174212,0.000000,3,0.000000
45.529797,10.174212,0.000000,4,0.000000
45.529797,10.174212,0.000000,5,0.000000
45.529797,10.174212,0.000000,0,0.000000
45.529797,10.174212,0.000000,1,0.000000
45.529797,10.174212,0.000000,2,0.000000
45.529797,10.174212,0.000000,3,0.000000
45.529797,10.174212,0.000000,4,0.000000
45.529797,10.174212,0.000000,5,0.000000
45.529797,10.174212,0.000000,0,0.000000
45.529797,10.174212,0.000000,1,0.000000
45.529797,10.174212,0.000000,2,0.000000
45.529797,10.174212,0.000000,3,0.000000
45.529797,10.174212,0.000000,4,0.000000
45.529797,10.174212,0.000000,5,0.000000
45.529797,10.174212,0.000000,0,0.000000
45.529797,10.174212,0.000000,1,0.000000
45.529797,10.174212,0.000000,2,0.000000
45.529797,10.174212,0.000000,3,0.000000
45.529797,10.174212,0.000000,4,0.000000
45.529797,10.174212,0.000000,5,0.000000
45.529797,10.174212,0.000000,0,0.000000
45.529797,10.174212,0.000000,1,0.000000
45.529797,10.174212,0.000000,2,0.000000
45.529797,10.174212,0.000000,3,0.000000
45.529797,10.174212,0.000000,4,0.000000
45.529797,10.174212,0.000000,5,0.000000
45.529797,10.174212,0.000000,0,0.000000
45.529797,10.174212,0.000000,1,0.000000
45.529797,10.174212,0.000000,2,0.000000
45.529797,10.174212,0.000000,3,0.000000
45.529797,10.174212,0.000000,4,0.000000
45.529797,10.174212,0.000000,5,0.000000
45.529797,10.174212,0.000000,0,0.000000
45.529797,10.174212,0.000000,1,0.000000
45.529797,10.174212,0.000000,2,0.000000
45.529797,10.174212,0.000000,3,0.000000
45.529797,10.174212,0.000000,4,0.000000
45.529797,10.174212,0.000000,5,0.000000
45.529797,10.174212,0.000000,0,0.000000
45.529797,10.174212,0.000000,1,0.000000
45.529797,10.174212,0.000000,2,0.000000
45.529797,10.174212,0.000000,3,0.000000
45.529797,10.174212,0.000000,4,0.000000
45.529797,10.174212,0.000000,5,0.000000
45.529797,10.174212,0.000000,0,0.000000
45.529797,10.174212,0.000000,1,0.000000
45.529797,10.174212,0.000000,2,0.000000
45.529797,10.174212,0.000000,3,0.000000
45.529797,10.174212,0.000000,4,0.000000
45.529797,10.174212,0.000000,5,0.000000
45.529797,10.174212,0.000000,0,0.000000
45.529797,10.174212,0.000000,1,0.000000
45.529797,10.174212,0.000000,2,0.000000
45.529797,10.174212,0.000000,3,0.000000
45.529797,10.174212,0.000000,4,0.000000
45.529797,10.174212,0.000000,5,0.000000
45.529797,10.174212,0.000000,0,0.000000
45.529797,10.174212,0.000000,1,0.000000
45.529797,10.174212,0.000000,2,0.000000
45.529797,10.174212,0.000000,3,0.000000
45.529797,10.174212,0.000000,4,0.000000
45.529797,10.174212,0.000000,5,0.000000
45.529797,10.174212,0.000000,0,0.000000
45.529797,10.174212,0.000000,1,0.000000
45.529797,10.174212,0.000000,2,0.000000
45.529797,10.174212,0.000000,3,0.000000
45.529797,10.174212,0.000000,4,0.000000
45.529797,10.174212,0.000000,5,0.000000
45.529797,10.174212,0.000000,0,0.000000
45.529797,10.174212,0.000000,1,0.000000
45.529797,10.174212,0.000000,2,0.000000
45.529797,10.174212,0.000000,3,0.000000
45.529797,10.174212,0.000000,4,0.000000
45.529797,10.174212,0.000000,5,0.000000
45.529797,10.174212,0.000000,0,0.000000
45.529797,10.174212,0.000000,1,0.000000
45.529797,10.174212,0.000000,2,0.000000
45.529797,10.174212,0.000000,3,0.000000
45.529797,10.174212,0.000000,4,0.000000
45.529797,10.174212,0.000000,5,0.000000
45.529797,10.174212,0.000000,0,0.000000
45.529797,10.174212,0.000000,1,0.000000
45.529797,10.174212,0.000000,2,0.000000
45.529797,10.174212,0.000000,3,0.000000
45.529797,10.174212,0.000000,4,0.000000
45.529797,10.174212,0.000000,5,0.000000
45.529797,10.174212,0.000000,0,0.000000
45.529797,10.174212,0.000000,1,0.000000
45.529797,10.174212,0.000000,2,0.000000
45.529797,10.174212,0.000000,3,0.000000
45.529797,10.174212,0.000000,4,0.000000
45.529797,10.174212,0.000000,5,0.000000
45.529797,10.174212,0.000000,0,0.000000
45.529797,10.174212,0.000000,1,0.000000
45.529797,10.174212,0.000000,2,0.000000
45.529797,10.174212,0.000000,3,0.000000
45.529797,10.174212,0.000000,4,0.000000
45.529797,10.174212,0.000000,5,0.000000
45.529797,10.174212,0.000000,0,0.000000
45.529797,10.174212,0.000000,1,0.000000
45.529797,10.174212,0.000000,2,0.000000
45.529797,10.174212,0.000000,3,0.000000
45.529797,10.174212,0.000000,4,0.000000
45.529797,10.174212,0.000000,5,0.000000
45.529797,10.174212,0.000000,0,0.000000
45.529797,10.174212,0.000000,1,0.000000
45.529797,10.174212,0.000000,2,0.000000
45.529797,10.174212,0.000000,3,0.000000
45.529797,10.174212,0.000000,4,0.000000
45.529797,10.174212,0.000000,5,0.000000
45.529797,10.174212,0.000000,0,0.000000
45.529797,10.174212,0.000000,1,0.000000
45.529797,10.174212,0.000000,2,0.000000
45.529797,10.174212,0.000000,3,0.000000
45.529797,10.174212,0.000000,4,0.000000
45.529797,10.174212,0.000000,5,0.000000
45.529797,10.174212,0.000000,0,0.000000
45.529797,10.174212,0.000000,1,0.000000
45.529797,10.174212,0.000000,2,0.000000
45.529797,10.174212,0.000000,3,0.000000
45.529797,10.174212,0.000000,4,0.000000
45.529797,10.174212,0.000000,5,0.000000
45.529797,10.174212,0.000000,0,0.000000
45.529797,10.174212,0.000000,1,0.000000
45.529797,10.174212,0.000000,2,0.000000
45.529797,10.174212,0.000000,3,0.000000
45.529797,10.174212,0.000000,4,0.000000
45.529797,10.174212,0.000000,5,0.000000
45.529797,10.174212,0.000000,0,0.000000
45.529797,10.174212,0.000000,1,0.000000
45.529797,10.174212,0.000000,2,0.000000
45.529797,10.174212,0.000000,3,0.000000
45.529797,10.174212,0.000000,4,0.000000
45.529797,10.174212,0.000000,5,0.000000
45.529797,10.174212,0.000000,0,0.000000
45.529797,10.174212,0.000000,1,0.000000
45.529797,10.174212,0.000000,2,0.000000
45.529797,10.174212,0.000000,3,0.000000
45.529797,10.174212,0.000000,4,0.000000
45.529797,10.174212,0.000000,5,0.000000
45.529800,10.174198,0.000000,0,0.000000
45.529800,10.174198,0.000000,1,0.000000
45.529800,10.174198,0.000000,2,0.000000
45.529800,10.174198,0.000000,3,0.000000
45.529800,10.174198,0.000000,4,0.000000
45.529800,10.174198,0.000000,5,0.000000
45.529800,10.174198,0.000000,0,0.000000
45.529800,10.174198,0.000000,1,0.000000
45.529800,10.174198,0.000000,2,0.000000
45.529800,10.174198,0.000000,3,0.000000
45.529800,10.174198,0.000000,4,0.000000
45.529800,10.174198,0.000000,5,0.000000
45.529800,10.174198,0.000000,0,0.000000
45.529800,10.174198,0.000000,1,0.000000
45.529800,10.174198,0.000000,2,0.000000
45.529800,10.174198,0.000000,3,0.000000
45.529800,10.174198,0.000000,4,0.000000
45.529800,10.174198,0.000000,5,0.000000
45.529800,10.174198,0.000000,0,0.000000
45.529800,10.174198,0.000000,1,0.000000
45.529800,10.174198,0.000000,2,0.000000
45.529800,10.174198,0.000000,3,0.000000
45.529800,10.174198,0.000000,4,0.000000
45.529800,10.174198,0.000000,5,0.000000
45.529800,10.174198,0.000000,0,0.000000
45.529800,10.174198,0.000000,1,0.000000
45.529800,10.174198,0.000000,2,0.000000
45.529800,10.174198,0.000000,3,0.000000
45.529800,10.174198,0.000000,4,0.000000
45.529800,10.174198,0.000000,5,0.000000
45.529800,10.174198,0.000000,0,0.000000
45.529800,10.174198,0.000000,1,0.000000
45.529800,10.174198,0.000000,2,0.000000
45.529800,10.174198,0.000000,3,0.000000
45.529800,10.174198,0.000000,4,0.000000
45.529800,10.174198,0.000000,5,0.000000
45.529800,10.174198,0.000000,0,0.000000
45.529800,10.174198,0.000000,1,0.000000
45.529800,10.174198,0.000000,2,0.000000
45.529800,10.174198,0.000000,3,0.000000
45.529800,10.174198,0.000000,4,0.000000
45.529800,10.174198,0.000000,5,0.000000
45.529800,10.174198,0.000000,0,0.000000
45.529800,10.174198,0.000000,1,0.000000
45.529800,10.174198,0.000000,2,0.000000
45.529800,10.174198,0.000000,3,0.000000
45.529800,10.174198,0.000000,4,0.000000
45.529800,10.174198,0.000000,5,0.000000
45.529800,10.174198,0.000000,0,0.000000
45.529800,10.174198,0.000000,1,0.000000
45.529800,10.174198,0.000000,2,0.000000
45.529800,10.174198,0.000000,3,0.000000
45.529800,10.174198,0.000000,4,0.000000
45.529800,10.174198,0.000000,5,0.000000
45.529800,10.174198,0.000000,0,0.000000
45.529800,10.174198,0.000000,1,0.000000
45.529800,10.174198,0.000000,2,0.000000
45.529800,10.174198,0.000000,3,0.000000
45.529800,10.174198,0.000000,4,0.000000
45.529800,10.174198,0.000000,5,0.000000
45.529800,10.174198,0.000000,0,0.000000
45.529800,10.174198,0.000000,1,0.000000
45.529800,10.174198,0.000000,2,0.000000
45.529800,10.174198,0.000000,3,0.000000
45.529800,10.174198,0.000000,4,0.000000
45.529800,10.174198,0.000000,5,0.000000
45.529800,10.174198,0.000000,0,0.000000
45.529800,10.174198,0.000000,1,0.000000
45.529800,10.174198,0.000000,2,0.000000
45.529800,10.174198,0.000000,3,0.000000
45.529800,10.174198,0.000000,4,0.000000
45.529800,10.174198,0.000000,5,0.000000
45.529800,10.174198,0.000000,0,0.000000
45.529800,10.174198,0.000000,1,0.000000
45.529800,10.174198,0.000000,2,0.000000
45.529800,10.174198,0.000000,3,0.000000
45.529800,10.174198,0.000000,4,0.000000
45.529800,10.174198,0.000000,5,0.000000
45.529800,10.174198,0.000000,0,0.000000
45.529800,10.174198,0.000000,1,0.000000
45.529800,10.174198,0.000000,2,0.000000
45.529800,10.174198,0.000000,3,0.000000
45.529800,10.174198,0.000000,4,0.000000
45.529800,10.174198,0.000000,5,0.000000
45.529800,10.174198,0.000000,0,0.000000
45.529800,10.174198,0.000000,1,0.000000
45.529800,10.174198,0.000000,2,0.000000
45.529800,10.174198,0.000000,3,0.000000
45.529800,10.174198,0.000000,4,0.000000
45.529800,10.174198,0.000000,5,0.000000
45.529800,10.174198,0.000000,0,0.000000
45.529800,10.174198,0.000000,1,0.000000
45.529800,10.174198,0.000000,2,0.000000
45.529800,10.174198,0.000000,3,0.000000
45.529800,10.174198,0.000000,4,0.000000
45.529800,10.174198,0.000000,5,0.000000
45.529800,10.174198,0.000000,0,0.000000
45.529800,10.174198,0.000000,1,0.000000
45.529800,10.174198,0.000000,2,0.000000
45.529800,10.174198,0.000000,3,0.000000
45.529800,10.174198,0.000000,4,0.000000
45.529800,10.174198,0.000000,5,0.000000
45.529800,10.174198,0.000000,0,0.000000
45.529800,10.174198,0.000000,1,0.000000
45.529800,10.174198,0.000000,2,0.000000
45.529800,10.174198,0.000000,3,0.000000
45.529800,10.174198,0.000000,4,0.000000
45.529800,10.174198,0.000000,5,0.000000
45.529800,10.174198,0.000000,0,0.000000
45.529800,10.174198,0.000000,1,0.000000
45.529800,10.174198,0.000000,2,0.000000
45.529800,10.174198,0.000000,3,0.000000
45.529800,10.174198,0.000000,4,0.000000
45.529800,10.174198,0.000000,5,0.000000
45.529800,10.174198,0.000000,0,0.000000
45.529800,10.174198,0.000000,1,0.000000
45.529800,10.174198,0.000000,2,0.000000
45.529800,10.174198,0.000000,3,0.000000
45.529800,10.174198,0.000000,4,0.000000
45.529800,10.174198,0.000000,5,0.000000
45.529800,10.174198,0.000000,0,0.000000
45.529800,10.174198,0.000000,1,0.000000
45.529800,10.174198,0.000000,2,0.000000
45.529800,10.174198,0.000000,3,0.000000
45.529800,10.174198,0.000000,4,0.000000
45.529800,10.174198,0.000000,5,0.000000
45.529800,10.174198,0.000000,0,0.000000
45.529800,10.174198,0.000000,1,0.000000
45.529800,10.174198,0.000000,2,0.000000
45.529800,10.174198,0.000000,3,0.000000
45.529800,10.174198,0.000000,4,0.000000
45.529800,10.174198,0.000000,5,0.000000
45.529800,10.174198,0.000000,0,0.000000
45.529800,10.174198,0.000000,1,0.000000
45.529800,10.174198,0.000000,2,0.000000
45.529800,10.174198,0.000000,3,0.000000
45.529800,10.174198,0.000000,4,0.000000
45.529800,10.174198,0.000000,5,0.000000
45.529800,10.174198,0.000000,0,0.000000
45.529800,10.174198,0.000000,1,0.000000
45.529800,10.174198,0.000000,2,0.000000
45.529800,10.174198,0.000000,3,0.000000
45.529800,10.174198,0.000000,4,0.000000
45.529800,10.174198,0.000000,5,0.000000
45.529800,10.174198,0.000000,0,0.000000
45.529800,10.174198,0.000000,1,0.000000
45.529800,10.174198,0.000000,2,0.000000
45.529800,10.174198,0.000000,3,0.000000
45.529800,10.174198,0.000000,4,0.000000
45.529800,10.174198,0.000000,5,0.000000
45.529800,10.174198,0.000000,0,0.000000
45.529800,10.174198,0.000000,1,0.000000
45.529800,10.174198,0.000000,2,0.000000
45.529800,10.174198,0.000000,3,0.000000
45.529800,10.174198,0.000000,4,0.000000
45.529800,10.174198,0.000000,5,0.000000
45.529800,10.174198,0.000000,0,0.000000
45.529800,10.174198,0.000000,1,0.000000
45.529800,10.174198,0.000000,2,0.000000
45.529800,10.174198,0.000000,3,0.000000
45.529800,10.174198,0.000000,4,0.000000
45.529800,10.174198,0.000000,5,0.000000
45.529800,10.174198,0.000000,0,0.000000
45.529800,10.174198,0.000000,1,0.000000
45.529800,10.174198,0.000000,2,0.000000
45.529800,10.174198,0.000000,3,0.000000
45.529800,10.174198,0.000000,4,0.000000
45.529800,10.174198,0.000000,5,0.000000
45.529800,10.174198,0.000000,0,0.000000
45.529800,10.174198,0.000000,1,0.000000
45.529800,10.174198,0.000000,2,0.000000
45.529800,10.174198,0.000000,3,0.000000
45.529800,10.174198,0.000000,4,0.000000
45.529800,10.174198,0.000000,5,0.000000
45.529800,10.174198,0.000000,0,0.000000
45.529800,10.174198,0.000000,1,0.000000
45.529800,10.174198,0.000000,2,0.000000
45.529800,10.174198,0.000000,3,0.000000
45.529800,10.174198,0.000000,4,0.000000
45.529800,10.174198,0.000000,5,0.000000
45.529800,10.174198,0.000000,0,0.000000
45.529800,10.174198,0.000000,1,0.000000
45.529800,10.174198,0.000000,2,0.000000
45.529800,10.174198,0.000000,3,0.000000
45.529800,10.174198,0.000000,4,0.000000
45.529800,10.174198,0.000000,5,0.000000
45.529800,10.174198,0.000000,0,0.000000
45.529800,10.174198,0.000000,1,0.000000
45.529800,10.174198,0.000000,2,0.000000
45.529800,10.174198,0.000000,3,0.000000
45.529800,10.174198,0.000000,4,0.000000
45.529800,10.174198,0.000000,5,0.000000
45.529800,10.174198,0.000000,0,0.000000
45.529800,10.174198,0.000000,1,0.000000
45.529800,10.174198,0.000000,2,0.000000
45.529800,10.174198,0.000000,3,0.000000
45.529800,10.174198,0.000000,4,0.000000
45.529800,10.174198,0.000000,5,0.000000
45.529800,10.174198,0.000000,0,0.000000
45.529800,10.174198,0.000000,1,0.000000
45.529800,10.174198,0.000000,2,0.000000
45.529800,10.174198,0.000000,3,0.000000
45.529800,10.174198,0.000000,4,0.000000
45.529800,10.174198,0.000000,5,0.000000
45.529800,10.174198,0.000000,0,0.000000
45.529800,10.174198,0.000000,1,0.000000
45.529800,10.174198,0.000000,2,0.000000
45.529800,10.174198,0.000000,3,0.000000
45.529800,10.174198,0.000000,4,0.000000
45.529800,10.174198,0.000000,5,0.000000
45.529800,10.174198,0.000000,0,0.000000
45.529800,10.174198,0.000000,1,0.000000
45.529800,10.174198,0.000000,2,0.000000
45.529800,10.174198,0.000000,3,0.000000
45.529800,10.174198,0.000000,4,0.000000
45.529800,10.174198,0.000000,5,0.000000
45.529800,10.174198,0.000000,0,0.000000
45.529800,10.174198,0.000000,1,0.000000
45.529800,10.174198,0.000000,2,0.000000
45.529800,10.174198,0.000000,3,0.000000
45.529800,10.174198,0.000000,4,0.000000
45.529800,10.174198,0.000000,5,0.000000
45.529800,10.174198,0.000000,0,0.000000
45.529800,10.174198,0.000000,1,0.000000
45.529800,10.174198,0.000000,2,0.000000
45.529800,10.174198,0.000000,3,0.000000
45.529800,10.174198,0.000000,4,0.000000
45.529800,10.174198,0.000000,5,0.000000
45.529800,10.174198,0.000000,0,0.000000
45.529800,10.174198,0.000000,1,0.000000
45.529800,10.174198,0.000000,2,0.000000
45.529800,10.174198,0.000000,3,0.000000
45.529800,10.174198,0.000000,4,0.000000
45.529800,10.174198,0.000000,5,0.000000
45.529800,10.174198,0.000000,0,0.000000
45.529800,10.174198,0.000000,1,0.000000
45.529800,10.174198,0.000000,2,0.000000
45.529800,10.174198,0.000000,3,0.000000
45.529800,10.174198,0.000000,4,0.000000
45.529800,10.174198,0.000000,5,0.000000
45.529800,10.174198,0.000000,0,0.000000
45.529800,10.174198,0.000000,1,0.000000
45.529800,10.174198,0.000000,2,0.000000
45.529800,10.174198,0.000000,3,0.000000
45.529800,10.174198,0.000000,4,0.000000
45.529800,10.174198,0.000000,5,0.000000
45.529800,10.174198,0.000000,0,0.000000
45.529800,10.174198,0.000000,1,0.000000
45.529800,10.174198,0.000000,2,0.000000
45.529800,10.174198,0.000000,3,0.000000
45.529800,10.174198,0.000000,4,0.000000
45.529800,10.174198,0.000000,5,0.000000
45.529800,10.174198,0.000000,0,0.000000
45.529800,10.174198,0.000000,1,0.000000
45.529800,10.174198,0.000000,2,0.000000
45.529800,10.174198,0.000000,3,0.000000
45.529800,10.174198,0.000000,4,0.000000
45.529800,10.174198,0.000000,5,0.000000
45.529800,10.174198,0.000000,0,0.000000
45.529800,10.174198,0.000000,1,0.000000
45.529800,10.174198,0.000000,2,0.000000
45.529800,10.174198,0.000000,3,0.000000
45.529800,10.174198,0.000000,4,0.000000
45.529800,10.174198,0.000000,5,0.000000
45.529800,10.174198,0.000000,0,0.000000
45.529800,10.174198,0.000000,1,0.000000
45.529800,10.174198,0.000000,2,0.000000
45.529800,10.174198,0.000000,3,0.000000
45.529800,10.174198,0.000000,4,0.000000
45.529800,10.174198,0.000000,5,0.000000
45.529800,10.174198,0.000000,0,0.000000
45.529800,10.174198,0.000000,1,0.000000
45.529800,10.174198,0.000000,2,0.000000
45.529800,10.174198,0.000000,3,0.000000
45.529800,10.174198,0.000000,4,0.000000
45.529800,10.174198,0.000000,5,0.000000
45.529800,10.174198,0.000000,0,0.000000
45.529800,10.174198,0.000000,1,0.000000
45.529800,10.174198,0.000000,2,0.000000
45.529800,10.174198,0.000000,3,0.000000
45.529800,10.174198,0.000000,4,0.000000
45.529800,10.174198,0.000000,5,0.000000
45.529800,10.174198,0.000000,0,0.000000
45.529800,10.174198,0.000000,1,0.000000
45.529800,10.174198,0.000000,2,0.000000
45.529800,10.174198,0.000000,3,0.000000
45.529800,10.174198,0.000000,4,0.000000
45.529800,10.174198,0.000000,5,0.000000
45.529800,10.174198,0.000000,0,0.000000
45.529800,10.174198,0.000000,1,0.000000
45.529800,10.174198,0.000000,2,0.000000
45.529800,10.174198,0.000000,3,0.000000
45.529800,10.174198,0.000000,4,0.000000
45.529800,10.174198,0.000000,5,0.000000
45.529800,10.174198,0.000000,0,0.000000
45.529800,10.174198,0.000000,1,0.000000
45.529800,10.174198,0.000000,2,0.000000
45.529800,10.174198,0.000000,3,0.000000
45.529800,10.174198,0.000000,4,0.000000
45.529800,10.174198,0.000000,5,0.000000
45.529800,10.174198,0.000000,0,0.000000
45.529800,10.174198,0.000000,1,0.000000
45.529800,10.174198,0.000000,2,0.000000
45.529800,10.174198,0.000000,3,0.000000
45.529800,10.174198,0.000000,4,0.000000
45.529800,10.174198,0.000000,5,0.000000
45.529800,10.174198,0.000000,0,0.000000
45.529800,10.174198,0.000000,1,0.000000
45.529800,10.174198,0.000000,2,0.000000
45.529800,10.174198,0.000000,3,0.000000
45.529800,10.174198,0.000000,4,0.000000
45.529800,10.174198,0.000000,5,0.000000
45.529800,10.174198,0.000000,0,0.000000
45.529800,10.174198,0.000000,1,0.000000
45.529800,10.174198,0.000000,2,0.000000
45.529800,10.174198,0.000000,3,0.000000
45.529800,10.174198,0.000000,4,0.000000
45.529800,10.174198,0.000000,5,0.000000
45.529800,10.174198,0.000000,0,0.000000
45.529800,10.174198,0.000000,1,0.000000
45.529800,10.174198,0.000000,2,0.000000
45.529800,10.174198,0.000000,3,0.000000
45.529800,10.174198,0.000000,4,0.000000
45.529800,10.174198,0.000000,5,0.000000
45.529800,10.174198,0.000000,0,0.000000
45.529800,10.174198,0.000000,1,0.000000
45.529800,10.174198,0.000000,2,0.000000
45.529800,10.174198,0.000000,3,0.000000
45.529800,10.174198,0.000000,4,0.000000
45.529800,10.174198,0.000000,5,0.000000
45.529797,10.174193,0.000000,0,0.000000
45.529797,10.174193,0.000000,1,0.000000
45.529797,10.174193,0.000000,2,0.000000
45.529797,10.174193,0.000000,3,0.000000
45.529797,10.174193,0.000000,4,0.000000
45.529797,10.174193,0.000000,5,0.000000
45.529797,10.174193,0.000000,0,0.000000
45.529797,10.174193,0.000000,1,0.000000
45.529797,10.174193,0.000000,2,0.000000
45.529797,10.174193,0.000000,3,0.000000
45.529797,10.174193,0.000000,4,0.000000
45.529797,10.174193,0.000000,5,0.000000
45.529797,10.174193,0.000000,0,0.041044
45.529797,10.174193,0.000000,1,0.026286
45.529797,10.174193,0.000000,2,0.017366
45.529797,10.174193,0.000000,3,0.016916
45.529797,10.174193,0.000000,4,0.019335
45.529797,10.174193,0.000000,5,0.075966
45.529797,10.174193,0.000000,0,0.021150
45.529797,10.174193,0.000000,1,0.013545
45.529797,10.174193,0.000000,2,0.008949
45.529797,10.174193,0.000000,3,0.008717
45.529797,10.174193,0.000000,4,0.009964
45.529797,10.174193,0.000000,5,0.039146
45.529797,10.174193,0.000000,0,0.043139
45.529797,10.174193,0.000000,1,0.027627
45.529797,10.174193,0.000000,2,0.018253
45.529797,10.174193,0.000000,3,0.017779
45.529797,10.174193,0.000000,4,0.020322
45.529797,10.174193,0.000000,5,0.079841
45.529797,10.174193,0.000000,0,0.080623
45.529797,10.174193,0.000000,1,0.051634
45.529797,10.174193,0.000000,2,0.034113
45.529797,10.174193,0.000000,3,0.033227
45.529797,10.174193,0.000000,4,0.037980
45.529797,10.174193,0.000000,5,0.149218
45.529797,10.174193,0.000000,0,0.035809
45.529797,10.174193,0.000000,1,0.022933
45.529797,10.174193,0.000000,2,0.015151
45.529797,10.174193,0.000000,3,0.014758
45.529797,10.174193,0.000000,4,0.016869
45.529797,10.174193,0.000000,5,0.066276
45.529793,10.174196,0.000000,0,14.938706
45.529793,10.174196,0.000000,1,10.264870
45.529793,10.174196,0.000000,2,8.116278
45.529793,10.174196,0.000000,3,11.376164
45.529793,10.174196,0.000000,4,19.527473
45.529793,10.174196,0.000000,5,271.940986
45.529793,10.174196,0.000000,0,7.449986
45.529793,10.174196,0.000000,1,5.119127
45.529793,10.174196,0.000000,2,4.047617
45.529793,10.174196,0.000000,3,5.673333
45.529793,10.174196,0.000000,4,9.738420
45.529793,10.174196,0.000000,5,135.617937
45.529793,10.174196,0.000000,0,8.353110
45.529793,10.174196,0.000000,1,5.739693
45.529793,10.174196,0.000000,2,4.538289
45.529793,10.174196,0.000000,3,6.361083
45.529793,10.174196,0.000000,4,10.918960
45.529793,10.174196,0.000000,5,152.058212
45.529793,10.174196,0.000000,0,0.000000
45.529793,10.174196,0.000000,1,0.000000
45.529793,10.174196,0.000000,2,0.000000
45.529793,10.174196,0.000000,3,0.000000
45.529793,10.174196,0.000000,4,0.000000
45.529793,10.174196,0.000000,5,0.000000
45.529793,10.174196,0.000000,0,0.000000
45.529793,10.174196,0.000000,1,0.000000
45.529793,10.174196,0.000000,2,0.000000
45.529793,10.174196,0.000000,3,0.000000
45.529793,10.174196,0.000000,4,0.000000
45.529793,10.174196,0.000000,5,0.000000
45.529793,10.174196,0.000000,0,0.000000
45.529793,10.174196,0.000000,1,0.000000
45.529793,10.174196,0.000000,2,0.000000
45.529793,10.174196,0.000000,3,0.000000
45.529793,10.174196,0.000000,4,0.000000
45.529793,10.174196,0.000000,5,0.000000
45.529793,10.174196,0.000000,0,0.000000
45.529793,10.174196,0.000000,1,0.000000
45.529793,10.174196,0.000000,2,0.000000
45.529793,10.174196,0.000000,3,0.000000
45.529793,10.174196,0.000000,4,0.000000
45.529793,10.174196,0.000000,5,0.000000
45.529793,10.174196,0.000000,0,0.000000
45.529793,10.174196,0.000000,1,0.000000
45.529793,10.174196,0.000000,2,0.000000
45.529793,10.174196,0.000000,3,0.000000
45.529793,10.174196,0.000000,4,0.000000
45.529793,10.174196,0.000000,5,0.000000
45.529793,10.174196,0.000000,0,0.000000
45.529793,10.174196,0.000000,1,0.000000
45.529793,10.174196,0.000000,2,0.000000
45.529793,10.174196,0.000000,3,0.000000
45.529793,10.174196,0.000000,4,0.000000
45.529793,10.174196,0.000000,5,0.000000
45.529793,10.174196,0.000000,0,0.000000
45.529793,10.174196,0.000000,1,0.000000
45.529793,10.174196,0.000000,2,0.000000
45.529793,10.174196,0.000000,3,0.000000
45.529793,10.174196,0.000000,4,0.000000
45.529793,10.174196,0.000000,5,0.000000
45.529793,10.174196,0.000000,0,0.000000
45.529793,10.174196,0.000000,1,0.000000
45.529793,10.174196,0.000000,2,0.000000
45.529793,10.174196,0.000000,3,0.000000
45.529793,10.174196,0.000000,4,0.000000
45.529793,10.174196,0.000000,5,0.000000
45.529793,10.174196,0.000000,0,0.000000
45.529793,10.174196,0.000000,1,0.000000
45.529793,10.174196,0.000000,2,0.000000
45.529793,10.174196,0.000000,3,0.000000
45.529793,10.174196,0.000000,4,0.000000
45.529793,10.174196,0.000000,5,0.000000
45.529793,10.174196,0.000000,0,0.000000
45.529793,10.174196,0.000000,1,0.000000
45.529793,10.174196,0.000000,2,0.000000
45.529793,10.174196,0.000000,3,0.000000
45.529793,10.174196,0.000000,4,0.000000
45.529793,10.174196,0.000000,5,0.000000
45.529793,10.174196,0.000000,0,0.000000
45.529793,10.174196,0.000000,1,0.000000
45.529793,10.174196,0.000000,2,0.000000
45.529793,10.174196,0.000000,3,0.000000
45.529793,10.174196,0.000000,4,0.000000
45.529793,10.174196,0.000000,5,0.000000
45.529793,10.174196,0.000000,0,0.000000
45.529793,10.174196,0.000000,1,0.000000
45.529793,10.174196,0.000000,2,0.000000
45.529793,10.174196,0.000000,3,0.000000
45.529793,10.174196,0.000000,4,0.000000
45.529793,10.174196,0.000000,5,0.000000
45.529793,10.174196,0.000000,0,0.000000
45.529793,10.174196,0.000000,1,0.000000
45.529793,10.174196,0.000000,2,0.000000
45.529793,10.174196,0.000000,3,0.000000
45.529793,10.174196,0.000000,4,0.000000
45.529793,10.174196,0.000000,5,0.000000
