Latitude,Longitude,Height,Stability,Sensor Measurement,Forward-Model-Concentration
45.529724,10.174458,0.000000,0,0.007416,0.000000
45.529724,10.174458,0.000000,1,0.007416,0.000000
45.529724,10.174458,0.000000,2,0.007416,0.000000
45.529724,10.174458,0.000000,3,0.007416,0.000000
45.529724,10.174458,0.000000,4,0.007416,0.000000
45.529724,10.174458,0.000000,5,0.007416,0.000000
45.529808,10.174162,0.000000,0,0.018936,0.000000
45.529808,10.174162,0.000000,1,0.018936,0.000000
45.529808,10.174162,0.000000,2,0.018936,0.000000
45.529808,10.174162,0.000000,3,0.018936,0.000000
45.529808,10.174162,0.000000,4,0.018936,0.000000
45.529808,10.174162,0.000000,5,0.018936,0.000000
45.529808,10.174162,0.000000,0,0.008568,0.000000
45.529808,10.174162,0.000000,1,0.008568,0.000000
45.529808,10.174162,0.000000,2,0.008568,0.000000
45.529808,10.174162,0.000000,3,0.008568,0.000000
45.529808,10.174162,0.000000,4,0.008568,0.000000
45.529808,10.174162,0.000000,5,0.008568,0.000000
45.529816,10.174190,0.000000,0,0.008136,0.000000
45.529816,10.174190,0.000000,1,0.008136,0.000000
45.529816,10.174190,0.000000,2,0.008136,0.000000
45.529816,10.174190,0.000000,3,0.008136,0.000000
45.529816,10.174190,0.000000,4,0.008136,0.000000
45.529816,10.174190,0.000000,5,0.008136,0.000000
45.529816,10.174188,0.000000,0,0.015048,0.000000
45.529816,10.174188,0.000000,1,0.015048,0.000000
45.529816,10.174188,0.000000,2,0.015048,0.000000
45.529816,10.174188,0.000000,3,0.015048,0.000000
45.529816,10.174188,0.000000,4,0.015048,0.000000
45.529816,10.174188,0.000000,5,0.015048,0.000000
45.529816,10.174185,0.000000,0,0.015912,0.000000
45.529816,10.174185,0.000000,1,0.015912,0.000000
45.529816,10.174185,0.000000,2,0.015912,0.000000
45.529816,10.174185,0.000000,3,0.015912,0.000000
45.529816,10.174185,0.000000,4,0.015912,0.000000
45.529816,10.174185,0.000000,5,0.015912,0.000000
45.529816,10.174186,0.000000,0,0.017784,0.000000
45.529816,10.174186,0.000000,1,0.017784,0.000000
45.529816,10.174186,0.000000,2,0.017784,0.000000
45.529816,10.174186,0.000000,3,0.017784,0.000000
45.529816,10.174186,0.000000,4,0.017784,0.000000
45.529816,10.174186,0.000000,5,0.017784,0.000000
45.529816,10.174188,0.000000,0,0.021024,0.000000
45.529816,10.174188,0.000000,1,0.021024,0.000000
45.529816,10.174188,0.000000,2,0.021024,0.000000
45.529816,10.174188,0.000000,3,0.021024,0.000000
45.529816,10.174188,0.000000,4,0.021024,0.000000
45.529816,10.174188,0.000000,5,0.021024,0.000000
45.529816,10.174188,0.000000,0,0.052272,0.000000
45.529816,10.174188,0.000000,1,0.052272,0.000000
45.529816,10.174188,0.000000,2,0.052272,0.000000
45.529816,10.174188,0.000000,3,0.052272,0.000000
45.529816,10.174188,0.000000,4,0.052272,0.000000
45.529816,10.174188,0.000000,5,0.052272,0.000000
45.529816,10.174189,0.000000,0,0.054360,0.000000
45.529816,10.174189,0.000000,1,0.054360,0.000000
45.529816,10.174189,0.000000,2,0.054360,0.000000
45.529816,10.174189,0.000000,3,0.054360,0.000000
45.529816,10.174189,0.000000,4,0.054360,0.000000
45.529816,10.174189,0.000000,5,0.054360,0.000000
45.529816,10.174189,0.000000,0,0.038520,0.000000
45.529816,10.174189,0.000000,1,0.038520,0.000000
45.529816,10.174189,0.000000,2,0.038520,0.000000
45.529816,10.174189,0.000000,3,0.038520,0.000000
45.529816,10.174189,0.000000,4,0.038520,0.000000
45.529816,10.174189,0.000000,5,0.038520,0.000000
45.529816,10.174189,0.000000,0,0.163512,0.000000
45.529816,10.174189,0.000000,1,0.163512,0.000000
45.529816,10.174189,0.000000,2,0.163512,0.000000
45.529816,10.174189,0.000000,3,0.163512,0.000000
45.529816,10.174189,0.000000,4,0.163512,0.000000
45.529816,10.174189,0.000000,5,0.163512,0.000000
45.529816,10.174189,0.000000,0,0.179208,0.000000
45.529816,10.174189,0.000000,1,0.179208,0.000000
45.529816,10.174189,0.000000,2,0.179208,0.000000
45.529816,10.174189,0.000000,3,0.179208,0.000000
45.529816,10.174189,0.000000,4,0.179208,0.000000
45.529816,10.174189,0.000000,5,0.179208,0.000000
45.529816,10.174189,0.000000,0,0.123840,0.000000
45.529816,10.174189,0.000000,1,0.123840,0.000000
45.529816,10.174189,0.000000,2,0.123840,0.000000
45.529816,10.174189,0.000000,3,0.123840,0.000000
45.529816,10.174189,0.000000,4,0.123840,0.000000
45.529816,10.174189,0.000000,5,0.123840,0.000000
45.529830,10.174186,0.000000,0,0.081576,0.000000
45.529830,10.174186,0.000000,1,0.081576,0.000000
45.529830,10.174186,0.000000,2,0.081576,0.000000
45.529830,10.174186,0.000000,3,0.081576,0.000000
45.529830,10.174186,0.000000,4,0.081576,0.000000
45.529830,10.174186,0.000000,5,0.081576,0.000000
45.529835,10.174183,0.000000,0,0.046800,0.000000
45.529835,10.174183,0.000000,1,0.046800,0.000000
45.529835,10.174183,0.000000,2,0.046800,0.000000
45.529835,10.174183,0.000000,3,0.046800,0.000000
45.529835,10.174183,0.000000,4,0.046800,0.000000
45.529835,10.174183,0.000000,5,0.046800,0.000000
45.529840,10.174182,0.000000,0,0.026928,0.000000
45.529840,10.174182,0.000000,1,0.026928,0.000000
45.529840,10.174182,0.000000,2,0.026928,0.000000
45.529840,10.174182,0.000000,3,0.026928,0.000000
45.529840,10.174182,0.000000,4,0.026928,0.000000
45.529840,10.174182,0.000000,5,0.026928,0.000000
45.529840,10.174182,0.000000,0,0.013032,0.000000
45.529840,10.174182,0.000000,1,0.013032,0.000000
45.529840,10.174182,0.000000,2,0.013032,0.000000
45.529840,10.174182,0.000000,3,0.013032,0.000000
45.529840,10.174182,0.000000,4,0.013032,0.000000
45.529840,10.174182,0.000000,5,0.013032,0.000000
45.529840,10.174182,0.000000,0,0.037368,0.000000
45.529840,10.174182,0.000000,1,0.037368,0.000000
45.529840,10.174182,0.000000,2,0.037368,0.000000
45.529840,10.174182,0.000000,3,0.037368,0.000000
45.529840,10.174182,0.000000,4,0.037368,0.000000
45.529840,10.174182,0.000000,5,0.037368,0.000000
45.529840,10.174182,0.000000,0,0.052992,0.000000
45.529840,10.174182,0.000000,1,0.052992,0.000000
45.529840,10.174182,0.000000,2,0.052992,0.000000
45.529840,10.174182,0.000000,3,0.052992,0.000000
45.529840,10.174182,0.000000,4,0.052992,0.000000
45.529840,10.174182,0.000000,5,0.052992,0.000000
45.529840,10.174182,0.000000,0,0.052920,0.000000
45.529840,10.174182,0.000000,1,0.052920,0.000000
45.529840,10.174182,0.000000,2,0.052920,0.000000
45.529840,10.174182,0.000000,3,0.052920,0.000000
45.529840,10.174182,0.000000,4,0.052920,0.000000
45.529840,10.174182,0.000000,5,0.052920,0.000000
45.529840,10.174182,0.000000,0,0.040392,0.000000
45.529840,10.174182,0.000000,1,0.040392,0.000000
45.529840,10.174182,0.000000,2,0.040392,0.000000
45.529840,10.174182,0.000000,3,0.040392,0.000000
45.529840,10.174182,0.000000,4,0.040392,0.000000
45.529840,10.174182,0.000000,5,0.040392,0.000000
45.529840,10.174182,0.000000,0,0.027504,0.000000
45.529840,10.174182,0.000000,1,0.027504,0.000000
45.529840,10.174182,0.000000,2,0.027504,0.000000
45.529840,10.174182,0.000000,3,0.027504,0.000000
45.529840,10.174182,0.000000,4,0.027504,0.000000
45.529840,10.174182,0.000000,5,0.027504,0.000000
45.529840,10.174182,0.000000,0,0.018792,0.000000
45.529840,10.174182,0.000000,1,0.018792,0.000000
45.529840,10.174182,0.000000,2,0.018792,0.000000
45.529840,10.174182,0.000000,3,0.018792,0.000000
45.529840,10.174182,0.000000,4,0.018792,0.000000
45.529840,10.174182,0.000000,5,0.018792,0.000000
45.529840,10.174182,0.000000,0,0.012024,0.000000
45.529840,10.174182,0.000000,1,0.012024,0.000000
45.529840,10.174182,0.000000,2,0.012024,0.000000
45.529840,10.174182,0.000000,3,0.012024,0.000000
45.529840,10.174182,0.000000,4,0.012024,0.000000
45.529840,10.174182,0.000000,5,0.012024,0.000000
45.529840,10.174182,0.000000,0,0.007776,0.000000
45.529840,10.174182,0.000000,1,0.007776,0.000000
45.529840,10.174182,0.000000,2,0.007776,0.000000
45.529840,10.174182,0.000000,3,0.007776,0.000000
45.529840,10.174182,0.000000,4,0.007776,0.000000
45.529840,10.174182,0.000000,5,0.007776,0.000000
45.529840,10.174182,0.000000,0,0.010296,0.000000
45.529840,10.174182,0.000000,1,0.010296,0.000000
45.529840,10.174182,0.000000,2,0.010296,0.000000
45.529840,10.174182,0.000000,3,0.010296,0.000000
45.529840,10.174182,0.000000,4,0.010296,0.000000
45.529840,10.174182,0.000000,5,0.010296,0.000000
45.529840,10.174182,0.000000,0,0.011088,0.000000
45.529840,10.174182,0.000000,1,0.011088,0.000000
45.529840,10.174182,0.000000,2,0.011088,0.000000
45.529840,10.174182,0.000000,3,0.011088,0.000000
45.529840,10.174182,0.000000,4,0.011088,0.000000
45.529840,10.174182,0.000000,5,0.011088,0.000000
45.529840,10.174182,0.000000,0,0.008496,0.000000
45.529840,10.174182,0.000000,1,0.008496,0.000000
45.529840,10.174182,0.000000,2,0.008496,0.000000
45.529840,10.174182,0.000000,3,0.008496,0.000000
45.529840,10.174182,0.000000,4,0.008496,0.000000
45.529840,10.174182,0.000000,5,0.008496,0.000000
45.529840,10.174182,0.000000,0,0.010512,0.000000
45.529840,10.174182,0.000000,1,0.010512,0.000000
45.529840,10.174182,0.000000,2,0.010512,0.000000
45.529840,10.174182,0.000000,3,0.010512,0.000000
45.529840,10.174182,0.000000,4,0.010512,0.000000
45.529840,10.174182,0.000000,5,0.010512,0.000000
45.529840,10.174182,0.000000,0,0.013896,0.000000
45.529840,10.174182,0.000000,1,0.013896,0.000000
45.529840,10.174182,0.000000,2,0.013896,0.000000
45.529840,10.174182,0.000000,3,0.013896,0.000000
45.529840,10.174182,0.000000,4,0.013896,0.000000
45.529840,10.174182,0.000000,5,0.013896,0.000000
45.529840,10.174182,0.000000,0,0.018648,0.000000
45.529840,10.174182,0.000000,1,0.018648,0.000000
45.529840,10.174182,0.000000,2,0.018648,0.000000
45.529840,10.174182,0.000000,3,0.018648,0.000000
45.529840,10.174182,0.000000,4,0.018648,0.000000
45.529840,10.174182,0.000000,5,0.018648,0.000000
45.529840,10.174182,0.000000,0,0.017568,0.000000
45.529840,10.174182,0.000000,1,0.017568,0.000000
45.529840,10.174182,0.000000,2,0.017568,0.000000
45.529840,10.174182,0.000000,3,0.017568,0.000000
45.529840,10.174182,0.000000,4,0.017568,0.000000
45.529840,10.174182,0.000000,5,0.017568,0.000000
45.529840,10.174182,0.000000,0,0.137304,0.000000
45.529840,10.174182,0.000000,1,0.137304,0.000000
45.529840,10.174182,0.000000,2,0.137304,0.000000
45.529840,10.174182,0.000000,3,0.137304,0.000000
45.529840,10.174182,0.000000,4,0.137304,0.000000
45.529840,10.174182,0.000000,5,0.137304,0.000000
45.529840,10.174182,0.000000,0,0.302040,0.000000
45.529840,10.174182,0.000000,1,0.302040,0.000000
45.529840,10.174182,0.000000,2,0.302040,0.000000
45.529840,10.174182,0.000000,3,0.302040,0.000000
45.529840,10.174182,0.000000,4,0.302040,0.000000
45.529840,10.174182,0.000000,5,0.302040,0.000000
45.529840,10.174182,0.000000,0,0.329904,0.000000
45.529840,10.174182,0.000000,1,0.329904,0.000000
45.529840,10.174182,0.000000,2,0.329904,0.000000
45.529840,10.174182,0.000000,3,0.329904,0.000000
45.529840,10.174182,0.000000,4,0.329904,0.000000
45.529840,10.174182,0.000000,5,0.329904,0.000000
45.529840,10.174182,0.000000,0,0.225648,0.000000
45.529840,10.174182,0.000000,1,0.225648,0.000000
45.529840,10.174182,0.000000,2,0.225648,0.000000
45.529840,10.174182,0.000000,3,0.225648,0.000000
45.529840,10.174182,0.000000,4,0.225648,0.000000
45.529840,10.174182,0.000000,5,0.225648,0.000000
45.529840,10.174182,0.000000,0,0.135072,0.000000
45.529840,10.174182,0.000000,1,0.135072,0.000000
45.529840,10.174182,0.000000,2,0.135072,0.000000
45.529840,10.174182,0.000000,3,0.135072,0.000000
45.529840,10.174182,0.000000,4,0.135072,0.000000
45.529840,10.174182,0.000000,5,0.135072,0.000000
45.529840,10.174182,0.000000,0,0.125856,0.000000
45.529840,10.174182,0.000000,1,0.125856,0.000000
45.529840,10.174182,0.000000,2,0.125856,0.000000
45.529840,10.174182,0.000000,3,0.125856,0.000000
45.529840,10.174182,0.000000,4,0.125856,0.000000
45.529840,10.174182,0.000000,5,0.125856,0.000000
45.529840,10.174182,0.000000,0,0.159120,0.000000
45.529840,10.174182,0.000000,1,0.159120,0.000000
45.529840,10.174182,0.000000,2,0.159120,0.000000
45.529840,10.174182,0.000000,3,0.159120,0.000000
45.529840,10.174182,0.000000,4,0.159120,0.000000
45.529840,10.174182,0.000000,5,0.159120,0.000000
45.529840,10.174182,0.000000,0,0.292176,0.000000
45.529840,10.174182,0.000000,1,0.292176,0.000000
45.529840,10.174182,0.000000,2,0.292176,0.000000
45.529840,10.174182,0.000000,3,0.292176,0.000000
45.529840,10.174182,0.000000,4,0.292176,0.000000
45.529840,10.174182,0.000000,5,0.292176,0.000000
45.529840,10.174182,0.000000,0,0.375552,0.000000
45.529840,10.174182,0.000000,1,0.375552,0.000000
45.529840,10.174182,0.000000,2,0.375552,0.000000
45.529840,10.174182,0.000000,3,0.375552,0.000000
45.529840,10.174182,0.000000,4,0.375552,0.000000
45.529840,10.174182,0.000000,5,0.375552,0.000000
45.529840,10.174182,0.000000,0,0.353664,0.000000
45.529840,10.174182,0.000000,1,0.353664,0.000000
45.529840,10.174182,0.000000,2,0.353664,0.000000
45.529840,10.174182,0.000000,3,0.353664,0.000000
45.529840,10.174182,0.000000,4,0.353664,0.000000
45.529840,10.174182,0.000000,5,0.353664,0.000000
45.529840,10.174182,0.000000,0,0.214920,0.000000
45.529840,10.174182,0.000000,1,0.214920,0.000000
45.529840,10.174182,0.000000,2,0.214920,0.000000
45.529840,10.174182,0.000000,3,0.214920,0.000000
45.529840,10.174182,0.000000,4,0.214920,0.000000
45.529840,10.174182,0.000000,5,0.214920,0.000000
45.529840,10.174182,0.000000,0,0.121608,0.000000
45.529840,10.174182,0.000000,1,0.121608,0.000000
45.529840,10.174182,0.000000,2,0.121608,0.000000
45.529840,10.174182,0.000000,3,0.121608,0.000000
45.529840,10.174182,0.000000,4,0.121608,0.000000
45.529840,10.174182,0.000000,5,0.121608,0.000000
45.529840,10.174182,0.000000,0,0.063144,0.000000
45.529840,10.174182,0.000000,1,0.063144,0.000000
45.529840,10.174182,0.000000,2,0.063144,0.000000
45.529840,10.174182,0.000000,3,0.063144,0.000000
45.529840,10.174182,0.000000,4,0.063144,0.000000
45.529840,10.174182,0.000000,5,0.063144,0.000000
45.529840,10.174182,0.000000,0,0.031968,0.000000
45.529840,10.174182,0.000000,1,0.031968,0.000000
45.529840,10.174182,0.000000,2,0.031968,0.000000
45.529840,10.174182,0.000000,3,0.031968,0.000000
45.529840,10.174182,0.000000,4,0.031968,0.000000
45.529840,10.174182,0.000000,5,0.031968,0.000000
45.529840,10.174182,0.000000,0,0.017568,0.000000
45.529840,10.174182,0.000000,1,0.017568,0.000000
45.529840,10.174182,0.000000,2,0.017568,0.000000
45.529840,10.174182,0.000000,3,0.017568,0.000000
45.529840,10.174182,0.000000,4,0.017568,0.000000
45.529840,10.174182,0.000000,5,0.017568,0.000000
45.529840,10.174182,0.000000,0,0.012240,0.000000
45.529840,10.174182,0.000000,1,0.012240,0.000000
45.529840,10.174182,0.000000,2,0.012240,0.000000
45.529840,10.174182,0.000000,3,0.012240,0.000000
45.529840,10.174182,0.000000,4,0.012240,0.000000
45.529840,10.174182,0.000000,5,0.012240,0.000000
45.529840,10.174182,0.000000,0,0.008640,0.000000
45.529840,10.174182,0.000000,1,0.008640,0.000000
45.529840,10.174182,0.000000,2,0.008640,0.000000
45.529840,10.174182,0.000000,3,0.008640,0.000000
45.529840,10.174182,0.000000,4,0.008640,0.000000
45.529840,10.174182,0.000000,5,0.008640,0.000000
45.529840,10.174182,0.000000,0,0.007920,0.000000
45.529840,10.174182,0.000000,1,0.007920,0.000000
45.529840,10.174182,0.000000,2,0.007920,0.000000
45.529840,10.174182,0.000000,3,0.007920,0.000000
45.529840,10.174182,0.000000,4,0.007920,0.000000
45.529840,10.174182,0.000000,5,0.007920,0.000000
45.529840,10.174182,0.000000,0,0.009432,0.000000
45.529840,10.174182,0.000000,1,0.009432,0.000000
45.529840,10.174182,0.000000,2,0.009432,0.000000
45.529840,10.174182,0.000000,3,0.009432,0.000000
45.529840,10.174182,0.000000,4,0.009432,0.000000
45.529840,10.174182,0.000000,5,0.009432,0.000000
45.529840,10.174182,0.000000,0,7.257240,0.000000
45.529840,10.174182,0.000000,1,7.257240,0.000000
45.529840,10.174182,0.000000,2,7.257240,0.000000
45.529840,10.174182,0.000000,3,7.257240,0.000000
45.529840,10.174182,0.000000,4,7.257240,0.000000
45.529840,10.174182,0.000000,5,7.257240,0.000000
45.529840,10.174182,0.000000,0,119.254752,0.000000
45.529840,10.174182,0.000000,1,119.254752,0.000000
45.529840,10.174182,0.000000,2,119.254752,0.000000
45.529840,10.174182,0.000000,3,119.254752,0.000000
45.529840,10.174182,0.000000,4,119.254752,0.000000
45.529840,10.174182,0.000000,5,119.254752,0.000000
45.529840,10.174182,0.000000,0,144.020088,0.000000
45.529840,10.174182,0.000000,1,144.020088,0.000000
45.529840,10.174182,0.000000,2,144.020088,0.000000
45.529840,10.174182,0.000000,3,144.020088,0.000000
45.529840,10.174182,0.000000,4,144.020088,0.000000
45.529840,10.174182,0.000000,5,144.020088,0.000000
45.529840,10.174182,0.000000,0,144.824976,0.000000
45.529840,10.174182,0.000000,1,144.824976,0.000000
45.529840,10.174182,0.000000,2,144.824976,0.000000
45.529840,10.174182,0.000000,3,144.824976,0.000000
45.529840,10.174182,0.000000,4,144.824976,0.000000
45.529840,10.174182,0.000000,5,144.824976,0.000000
45.529840,10.174182,0.000000,0,137.470896,0.000000
45.529840,10.174182,0.000000,1,137.470896,0.000000
45.529840,10.174182,0.000000,2,137.470896,0.000000
45.529840,10.174182,0.000000,3,137.470896,0.000000
45.529840,10.174182,0.000000,4,137.470896,0.000000
45.529840,10.174182,0.000000,5,137.470896,0.000000
45.529840,10.174182,0.000000,0,136.447992,0.000000
45.529840,10.174182,0.000000,1,136.447992,0.000000
45.529840,10.174182,0.000000,2,136.447992,0.000000
45.529840,10.174182,0.000000,3,136.447992,0.000000
45.529840,10.174182,0.000000,4,136.447992,0.000000
45.529840,10.174182,0.000000,5,136.447992,0.000000
45.529840,10.174182,0.000000,0,121.138704,0.000000
45.529840,10.174182,0.000000,1,121.138704,0.000000
45.529840,10.174182,0.000000,2,121.138704,0.000000
45.529840,10.174182,0.000000,3,121.138704,0.000000
45.529840,10.174182,0.000000,4,121.138704,0.000000
45.529840,10.174182,0.000000,5,121.138704,0.000000
45.529840,10.174182,0.000000,0,81.355392,0.000000
45.529840,10.174182,0.000000,1,81.355392,0.000000
45.529840,10.174182,0.000000,2,81.355392,0.000000
45.529840,10.174182,0.000000,3,81.355392,0.000000
45.529840,10.174182,0.000000,4,81.355392,0.000000
45.529840,10.174182,0.000000,5,81.355392,0.000000
45.529840,10.174182,0.000000,0,36.942984,0.000000
45.529840,10.174182,0.000000,1,36.942984,0.000000
45.529840,10.174182,0.000000,2,36.942984,0.000000
45.529840,10.174182,0.000000,3,36.942984,0.000000
45.529840,10.174182,0.000000,4,36.942984,0.000000
45.529840,10.174182,0.000000,5,36.942984,0.000000
45.529840,10.174182,0.000000,0,15.291576,0.000000
45.529840,10.174182,0.000000,1,15.291576,0.000000
45.529840,10.174182,0.000000,2,15.291576,0.000000
45.529840,10.174182,0.000000,3,15.291576,0.000000
45.529840,10.174182,0.000000,4,15.291576,0.000000
45.529840,10.174182,0.000000,5,15.291576,0.000000
45.529840,10.174182,0.000000,0,6.254136,0.000000
45.529840,10.174182,0.000000,1,6.254136,0.000000
45.529840,10.174182,0.000000,2,6.254136,0.000000
45.529840,10.174182,0.000000,3,6.254136,0.000000
45.529840,10.174182,0.000000,4,6.254136,0.000000
45.529840,10.174182,0.000000,5,6.254136,0.000000
45.529840,10.174182,0.000000,0,2.864376,0.000000
45.529840,10.174182,0.000000,1,2.864376,0.000000
45.529840,10.174182,0.000000,2,2.864376,0.000000
45.529840,10.174182,0.000000,3,2.864376,0.000000
45.529840,10.174182,0.000000,4,2.864376,0.000000
45.529840,10.174182,0.000000,5,2.864376,0.000000
45.529840,10.174182,0.000000,0,1.544400,0.000000
45.529840,10.174182,0.000000,1,1.544400,0.000000
45.529840,10.174182,0.000000,2,1.544400,0.000000
45.529840,10.174182,0.000000,3,1.544400,0.000000
45.529840,10.174182,0.000000,4,1.544400,0.000000
45.529840,10.174182,0.000000,5,1.544400,0.000000
45.529840,10.174182,0.000000,0,0.991656,0.000000
45.529840,10.174182,0.000000,1,0.991656,0.000000
45.529840,10.174182,0.000000,2,0.991656,0.000000
45.529840,10.174182,0.000000,3,0.991656,0.000000
45.529840,10.174182,0.000000,4,0.991656,0.000000
45.529840,10.174182,0.000000,5,0.991656,0.000000
45.529840,10.174182,0.000000,0,0.670608,0.000000
45.529840,10.174182,0.000000,1,0.670608,0.000000
45.529840,10.174182,0.000000,2,0.670608,0.000000
45.529840,10.174182,0.000000,3,0.670608,0.000000
45.529840,10.174182,0.000000,4,0.670608,0.000000
45.529840,10.174182,0.000000,5,0.670608,0.000000
45.529840,10.174182,0.000000,0,0.535032,0.000000
45.529840,10.174182,0.000000,1,0.535032,0.000000
45.529840,10.174182,0.000000,2,0.535032,0.000000
45.529840,10.174182,0.000000,3,0.535032,0.000000
45.529840,10.174182,0.000000,4,0.535032,0.000000
45.529840,10.174182,0.000000,5,0.535032,0.000000
45.529840,10.174182,0.000000,0,0.446328,0.000000
45.529840,10.174182,0.000000,1,0.446328,0.000000
45.529840,10.174182,0.000000,2,0.446328,0.000000
45.529840,10.174182,0.000000,3,0.446328,0.000000
45.529840,10.174182,0.000000,4,0.446328,0.000000
45.529840,10.174182,0.000000,5,0.446328,0.000000
45.529840,10.174182,0.000000,0,0.374688,0.000000
45.529840,10.174182,0.000000,1,0.374688,0.000000
45.529840,10.174182,0.000000,2,0.374688,0.000000
45.529840,10.174182,0.000000,3,0.374688,0.000000
45.529840,10.174182,0.000000,4,0.374688,0.000000
45.529840,10.174182,0.000000,5,0.374688,0.000000
45.529840,10.174182,0.000000,0,0.309384,0.000000
45.529840,10.174182,0.000000,1,0.309384,0.000000
45.529840,10.174182,0.000000,2,0.309384,0.000000
45.529840,10.174182,0.000000,3,0.309384,0.000000
45.529840,10.174182,0.000000,4,0.309384,0.000000
45.529840,10.174182,0.000000,5,0.309384,0.000000
45.529840,10.174182,0.000000,0,0.277632,0.000000
45.529840,10.174182,0.000000,1,0.277632,0.000000
45.529840,10.174182,0.000000,2,0.277632,0.000000
45.529840,10.174182,0.000000,3,0.277632,0.000000
45.529840,10.174182,0.000000,4,0.277632,0.000000
45.529840,10.174182,0.000000,5,0.277632,0.000000
45.529840,10.174182,0.000000,0,0.237600,0.000000
45.529840,10.174182,0.000000,1,0.237600,0.000000
45.529840,10.174182,0.000000,2,0.237600,0.000000
45.529840,10.174182,0.000000,3,0.237600,0.000000
45.529840,10.174182,0.000000,4,0.237600,0.000000
45.529840,10.174182,0.000000,5,0.237600,0.000000
45.529840,10.174182,0.000000,0,0.201888,0.000000
45.529840,10.174182,0.000000,1,0.201888,0.000000
45.529840,10.174182,0.000000,2,0.201888,0.000000
45.529840,10.174182,0.000000,3,0.201888,0.000000
45.529840,10.174182,0.000000,4,0.201888,0.000000
45.529840,10.174182,0.000000,5,0.201888,0.000000
45.529840,10.174182,0.000000,0,0.182880,0.000000
45.529840,10.174182,0.000000,1,0.182880,0.000000
45.529840,10.174182,0.000000,2,0.182880,0.000000
45.529840,10.174182,0.000000,3,0.182880,0.000000
45.529840,10.174182,0.000000,4,0.182880,0.000000
45.529840,10.174182,0.000000,5,0.182880,0.000000
45.529840,10.174182,0.000000,0,0.157536,0.000000
45.529840,10.174182,0.000000,1,0.157536,0.000000
45.529840,10.174182,0.000000,2,0.157536,0.000000
45.529840,10.174182,0.000000,3,0.157536,0.000000
45.529840,10.174182,0.000000,4,0.157536,0.000000
45.529840,10.174182,0.000000,5,0.157536,0.000000
45.529840,10.174182,0.000000,0,0.104904,0.000000
45.529840,10.174182,0.000000,1,0.104904,0.000000
45.529840,10.174182,0.000000,2,0.104904,0.000000
45.529840,10.174182,0.000000,3,0.104904,0.000000
45.529840,10.174182,0.000000,4,0.104904,0.000000
45.529840,10.174182,0.000000,5,0.104904,0.000000
45.529840,10.174182,0.000000,0,0.095400,0.000000
45.529840,10.174182,0.000000,1,0.095400,0.000000
45.529840,10.174182,0.000000,2,0.095400,0.000000
45.529840,10.174182,0.000000,3,0.095400,0.000000
45.529840,10.174182,0.000000,4,0.095400,0.000000
45.529840,10.174182,0.000000,5,0.095400,0.000000
45.529840,10.174182,0.000000,0,0.082800,0.000000
45.529840,10.174182,0.000000,1,0.082800,0.000000
45.529840,10.174182,0.000000,2,0.082800,0.000000
45.529840,10.174182,0.000000,3,0.082800,0.000000
45.529840,10.174182,0.000000,4,0.082800,0.000000
45.529840,10.174182,0.000000,5,0.082800,0.000000
45.529840,10.174182,0.000000,0,0.076752,0.000000
45.529840,10.174182,0.000000,1,0.076752,0.000000
45.529840,10.174182,0.000000,2,0.076752,0.000000
45.529840,10.174182,0.000000,3,0.076752,0.000000
45.529840,10.174182,0.000000,4,0.076752,0.000000
45.529840,10.174182,0.000000,5,0.076752,0.000000
45.529840,10.174182,0.000000,0,0.066024,0.000000
45.529840,10.174182,0.000000,1,0.066024,0.000000
45.529840,10.174182,0.000000,2,0.066024,0.000000
45.529840,10.174182,0.000000,3,0.066024,0.000000
45.529840,10.174182,0.000000,4,0.066024,0.000000
45.529840,10.174182,0.000000,5,0.066024,0.000000
45.529840,10.174182,0.000000,0,0.057024,0.000000
45.529840,10.174182,0.000000,1,0.057024,0.000000
45.529840,10.174182,0.000000,2,0.057024,0.000000
45.529840,10.174182,0.000000,3,0.057024,0.000000
45.529840,10.174182,0.000000,4,0.057024,0.000000
45.529840,10.174182,0.000000,5,0.057024,0.000000
45.529840,10.174182,0.000000,0,0.049176,0.000000
45.529840,10.174182,0.000000,1,0.049176,0.000000
45.529840,10.174182,0.000000,2,0.049176,0.000000
45.529840,10.174182,0.000000,3,0.049176,0.000000
45.529840,10.174182,0.000000,4,0.049176,0.000000
45.529840,10.174182,0.000000,5,0.049176,0.000000
45.529840,10.174182,0.000000,0,0.043704,0.000000
45.529840,10.174182,0.000000,1,0.043704,0.000000
45.529840,10.174182,0.000000,2,0.043704,0.000000
45.529840,10.174182,0.000000,3,0.043704,0.000000
45.529840,10.174182,0.000000,4,0.043704,0.000000
45.529840,10.174182,0.000000,5,0.043704,0.000000
45.529840,10.174182,0.000000,0,0.039096,0.000000
45.529840,10.174182,0.000000,1,0.039096,0.000000
45.529840,10.174182,0.000000,2,0.039096,0.000000
45.529840,10.174182,0.000000,3,0.039096,0.000000
45.529840,10.174182,0.000000,4,0.039096,0.000000
45.529840,10.174182,0.000000,5,0.039096,0.000000
45.529840,10.174182,0.000000,0,0.035712,0.000000
45.529840,10.174182,0.000000,1,0.035712,0.000000
45.529840,10.174182,0.000000,2,0.035712,0.000000
45.529840,10.174182,0.000000,3,0.035712,0.000000
45.529840,10.174182,0.000000,4,0.035712,0.000000
45.529840,10.174182,0.000000,5,0.035712,0.000000
45.529840,10.174182,0.000000,0,0.031680,0.000000
45.529840,10.174182,0.000000,1,0.031680,0.000000
45.529840,10.174182,0.000000,2,0.031680,0.000000
45.529840,10.174182,0.000000,3,0.031680,0.000000
45.529840,10.174182,0.000000,4,0.031680,0.000000
45.529840,10.174182,0.000000,5,0.031680,0.000000
45.529840,10.174182,0.000000,0,0.029160,0.000000
45.529840,10.174182,0.000000,1,0.029160,0.000000
45.529840,10.174182,0.000000,2,0.029160,0.000000
45.529840,10.174182,0.000000,3,0.029160,0.000000
45.529840,10.174182,0.000000,4,0.029160,0.000000
45.529840,10.174182,0.000000,5,0.029160,0.000000
45.529840,10.174182,0.000000,0,0.026640,0.000000
45.529840,10.174182,0.000000,1,0.026640,0.000000
45.529840,10.174182,0.000000,2,0.026640,0.000000
45.529840,10.174182,0.000000,3,0.026640,0.000000
45.529840,10.174182,0.000000,4,0.026640,0.000000
45.529840,10.174182,0.000000,5,0.026640,0.000000
45.529840,10.174182,0.000000,0,0.025056,0.000000
45.529840,10.174182,0.000000,1,0.025056,0.000000
45.529840,10.174182,0.000000,2,0.025056,0.000000
45.529840,10.174182,0.000000,3,0.025056,0.000000
45.529840,10.174182,0.000000,4,0.025056,0.000000
45.529840,10.174182,0.000000,5,0.025056,0.000000
45.529840,10.174182,0.000000,0,0.021744,0.000000
45.529840,10.174182,0.000000,1,0.021744,0.000000
45.529840,10.174182,0.000000,2,0.021744,0.000000
45.529840,10.174182,0.000000,3,0.021744,0.000000
45.529840,10.174182,0.000000,4,0.021744,0.000000
45.529840,10.174182,0.000000,5,0.021744,0.000000
45.529840,10.174182,0.000000,0,0.019440,0.000000
45.529840,10.174182,0.000000,1,0.019440,0.000000
45.529840,10.174182,0.000000,2,0.019440,0.000000
45.529840,10.174182,0.000000,3,0.019440,0.000000
45.529840,10.174182,0.000000,4,0.019440,0.000000
45.529840,10.174182,0.000000,5,0.019440,0.000000
45.529840,10.174182,0.000000,0,0.018288,0.000000
45.529840,10.174182,0.000000,1,0.018288,0.000000
45.529840,10.174182,0.000000,2,0.018288,0.000000
45.529840,10.174182,0.000000,3,0.018288,0.000000
45.529840,10.174182,0.000000,4,0.018288,0.000000
45.529840,10.174182,0.000000,5,0.018288,0.000000
45.529840,10.174182,0.000000,0,0.015912,0.000000
45.529840,10.174182,0.000000,1,0.015912,0.000000
45.529840,10.174182,0.000000,2,0.015912,0.000000
45.529840,10.174182,0.000000,3,0.015912,0.000000
45.529840,10.174182,0.000000,4,0.015912,0.000000
45.529840,10.174182,0.000000,5,0.015912,0.000000
45.529840,10.174182,0.000000,0,0.015120,0.000000
45.529840,10.174182,0.000000,1,0.015120,0.000000
45.529840,10.174182,0.000000,2,0.015120,0.000000
45.529840,10.174182,0.000000,3,0.015120,0.000000
45.529840,10.174182,0.000000,4,0.015120,0.000000
45.529840,10.174182,0.000000,5,0.015120,0.000000
45.529840,10.174182,0.000000,0,0.014040,0.000000
45.529840,10.174182,0.000000,1,0.014040,0.000000
45.529840,10.174182,0.000000,2,0.014040,0.000000
45.529840,10.174182,0.000000,3,0.014040,0.000000
45.529840,10.174182,0.000000,4,0.014040,0.000000
45.529840,10.174182,0.000000,5,0.014040,0.000000
45.529840,10.174182,0.000000,0,0.013176,0.000000
45.529840,10.174182,0.000000,1,0.013176,0.000000
45.529840,10.174182,0.000000,2,0.013176,0.000000
45.529840,10.174182,0.000000,3,0.013176,0.000000
45.529840,10.174182,0.000000,4,0.013176,0.000000
45.529840,10.174182,0.000000,5,0.013176,0.000000
45.529840,10.174182,0.000000,0,0.011736,0.000000
45.529840,10.174182,0.000000,1,0.011736,0.000000
45.529840,10.174182,0.000000,2,0.011736,0.000000
45.529840,10.174182,0.000000,3,0.011736,0.000000
45.529840,10.174182,0.000000,4,0.011736,0.000000
45.529840,10.174182,0.000000,5,0.011736,0.000000
45.529840,10.174182,0.000000,0,0.010512,0.000000
45.529840,10.174182,0.000000,1,0.010512,0.000000
45.529840,10.174182,0.000000,2,0.010512,0.000000
45.529840,10.174182,0.000000,3,0.010512,0.000000
45.529840,10.174182,0.000000,4,0.010512,0.000000
45.529840,10.174182,0.000000,5,0.010512,0.000000
45.529840,10.174182,0.000000,0,0.009792,0.000000
45.529840,10.174182,0.000000,1,0.009792,0.000000
45.529840,10.174182,0.000000,2,0.009792,0.000000
45.529840,10.174182,0.000000,3,0.009792,0.000000
45.529840,10.174182,0.000000,4,0.009792,0.000000
45.529840,10.174182,0.000000,5,0.009792,0.000000
45.529840,10.174182,0.000000,0,0.008856,0.000000
45.529840,10.174182,0.000000,1,0.008856,0.000000
45.529840,10.174182,0.000000,2,0.008856,0.000000
45.529840,10.174182,0.000000,3,0.008856,0.000000
45.529840,10.174182,0.000000,4,0.008856,0.000000
45.529840,10.174182,0.000000,5,0.008856,0.000000
45.529840,10.174182,0.000000,0,0.008208,0.000000
45.529840,10.174182,0.000000,1,0.008208,0.000000
45.529840,10.174182,0.000000,2,0.008208,0.000000
45.529840,10.174182,0.000000,3,0.008208,0.000000
45.529840,10.174182,0.000000,4,0.008208,0.000000
45.529840,10.174182,0.000000,5,0.008208,0.000000
45.529840,10.174182,0.000000,0,0.008136,0.000000
45.529840,10.174182,0.000000,1,0.008136,0.000000
45.529840,10.174182,0.000000,2,0.008136,0.000000
45.529840,10.174182,0.000000,3,0.008136,0.000000
45.529840,10.174182,0.000000,4,0.008136,0.000000
45.529840,10.174182,0.000000,5,0.008136,0.000000
45.529840,10.174182,0.000000,0,0.008352,0.000000
45.529840,10.174182,0.000000,1,0.008352,0.000000
45.529840,10.174182,0.000000,2,0.008352,0.000000
45.529840,10.174182,0.000000,3,0.008352,0.000000
45.529840,10.174182,0.000000,4,0.008352,0.000000
45.529840,10.174182,0.000000,5,0.008352,0.000000
45.529840,10.174182,0.000000,0,0.009216,0.000000
45.529840,10.174182,0.000000,1,0.009216,0.000000
45.529840,10.174182,0.000000,2,0.009216,0.000000
45.529840,10.174182,0.000000,3,0.009216,0.000000
45.529840,10.174182,0.000000,4,0.009216,0.000000
45.529840,10.174182,0.000000,5,0.009216,0.000000
45.529840,10.174182,0.000000,0,0.008784,0.000000
45.529840,10.174182,0.000000,1,0.008784,0.000000
45.529840,10.174182,0.000000,2,0.008784,0.000000
45.529840,10.174182,0.000000,3,0.008784,0.000000
45.529840,10.174182,0.000000,4,0.008784,0.000000
45.529840,10.174182,0.000000,5,0.008784,0.000000
45.529840,10.174182,0.000000,0,0.008640,0.000000
45.529840,10.174182,0.000000,1,0.008640,0.000000
45.529840,10.174182,0.000000,2,0.008640,0.000000
45.529840,10.174182,0.000000,3,0.008640,0.000000
45.529840,10.174182,0.000000,4,0.008640,0.000000
45.529840,10.174182,0.000000,5,0.008640,0.000000
45.529840,10.174182,0.000000,0,0.008352,0.000000
45.529840,10.174182,0.000000,1,0.008352,0.000000
45.529840,10.174182,0.000000,2,0.008352,0.000000
45.529840,10.174182,0.000000,3,0.008352,0.000000
45.529840,10.174182,0.000000,4,0.008352,0.000000
45.529840,10.174182,0.000000,5,0.008352,0.000000
45.529840,10.174182,0.000000,0,0.008208,0.000000
45.529840,10.174182,0.000000,1,0.008208,0.000000
45.529840,10.174182,0.000000,2,0.008208,0.000000
45.529840,10.174182,0.000000,3,0.008208,0.000000
45.529840,10.174182,0.000000,4,0.008208,0.000000
45.529840,10.174182,0.000000,5,0.008208,0.000000
45.529840,10.174182,0.000000,0,0.007776,0.000000
45.529840,10.174182,0.000000,1,0.007776,0.000000
45.529840,10.174182,0.000000,2,0.007776,0.000000
45.529840,10.174182,0.000000,3,0.007776,0.000000
45.529840,10.174182,0.000000,4,0.007776,0.000000
45.529840,10.174182,0.000000,5,0.007776,0.000000
45.529840,10.174182,0.000000,0,0.007416,0.000000
45.529840,10.174182,0.000000,1,0.007416,0.000000
45.529840,10.174182,0.000000,2,0.007416,0.000000
45.529840,10.174182,0.000000,3,0.007416,0.000000
45.529840,10.174182,0.000000,4,0.007416,0.000000
45.529840,10.174182,0.000000,5,0.007416,0.000000
45.529840,10.174182,0.000000,0,0.007272,0.000000
45.529840,10.174182,0.000000,1,0.007272,0.000000
45.529840,10.174182,0.000000,2,0.007272,0.000000
45.529840,10.174182,0.000000,3,0.007272,0.000000
45.529840,10.174182,0.000000,4,0.007272,0.000000
45.529840,10.174182,0.000000,5,0.007272,0.000000
45.529840,10.174182,0.000000,0,0.007272,0.000000
45.529840,10.174182,0.000000,1,0.007272,0.000000
45.529840,10.174182,0.000000,2,0.007272,0.000000
45.529840,10.174182,0.000000,3,0.007272,0.000000
45.529840,10.174182,0.000000,4,0.007272,0.000000
45.529840,10.174182,0.000000,5,0.007272,0.000000
45.529840,10.174182,0.000000,0,0.007344,0.000000
45.529840,10.174182,0.000000,1,0.007344,0.000000
45.529840,10.174182,0.000000,2,0.007344,0.000000
45.529840,10.174182,0.000000,3,0.007344,0.000000
45.529840,10.174182,0.000000,4,0.007344,0.000000
45.529840,10.174182,0.000000,5,0.007344,0.000000
45.529840,10.174182,0.000000,0,0.007416,0.000000
45.529840,10.174182,0.000000,1,0.007416,0.000000
45.529840,10.174182,0.000000,2,0.007416,0.000000
45.529840,10.174182,0.000000,3,0.007416,0.000000
45.529840,10.174182,0.000000,4,0.007416,0.000000
45.529840,10.174182,0.000000,5,0.007416,0.000000
45.529840,10.174182,0.000000,0,0.008352,0.000000
45.529840,10.174182,0.000000,1,0.008352,0.000000
45.529840,10.174182,0.000000,2,0.008352,0.000000
45.529840,10.174182,0.000000,3,0.008352,0.000000
45.529840,10.174182,0.000000,4,0.008352,0.000000
45.529840,10.174182,0.000000,5,0.008352,0.000000
45.529840,10.174182,0.000000,0,0.013968,0.000000
45.529840,10.174182,0.000000,1,0.013968,0.000000
45.529840,10.174182,0.000000,2,0.013968,0.000000
45.529840,10.174182,0.000000,3,0.013968,0.000000
45.529840,10.174182,0.000000,4,0.013968,0.000000
45.529840,10.174182,0.000000,5,0.013968,0.000000
45.529840,10.174182,0.000000,0,0.009288,0.000000
45.529840,10.174182,0.000000,1,0.009288,0.000000
45.529840,10.174182,0.000000,2,0.009288,0.000000
45.529840,10.174182,0.000000,3,0.009288,0.000000
45.529840,10.174182,0.000000,4,0.009288,0.000000
45.529840,10.174182,0.000000,5,0.009288,0.000000
45.529840,10.174182,0.000000,0,0.019512,0.000000
45.529840,10.174182,0.000000,1,0.019512,0.000000
45.529840,10.174182,0.000000,2,0.019512,0.000000
45.529840,10.174182,0.000000,3,0.019512,0.000000
45.529840,10.174182,0.000000,4,0.019512,0.000000
45.529840,10.174182,0.000000,5,0.019512,0.000000
45.529840,10.174182,0.000000,0,0.011880,0.000000
45.529840,10.174182,0.000000,1,0.011880,0.000000
45.529840,10.174182,0.000000,2,0.011880,0.000000
45.529840,10.174182,0.000000,3,0.011880,0.000000
45.529840,10.174182,0.000000,4,0.011880,0.000000
45.529840,10.174182,0.000000,5,0.011880,0.000000
45.529840,10.174182,0.000000,0,0.083808,0.000000
45.529840,10.174182,0.000000,1,0.083808,0.000000
45.529840,10.174182,0.000000,2,0.083808,0.000000
45.529840,10.174182,0.000000,3,0.083808,0.000000
45.529840,10.174182,0.000000,4,0.083808,0.000000
45.529840,10.174182,0.000000,5,0.083808,0.000000
45.529840,10.174182,0.000000,0,0.049320,0.000000
45.529840,10.174182,0.000000,1,0.049320,0.000000
45.529840,10.174182,0.000000,2,0.049320,0.000000
45.529840,10.174182,0.000000,3,0.049320,0.000000
45.529840,10.174182,0.000000,4,0.049320,0.000000
45.529840,10.174182,0.000000,5,0.049320,0.000000
45.529840,10.174182,0.000000,0,0.019728,0.000000
45.529840,10.174182,0.000000,1,0.019728,0.000000
45.529840,10.174182,0.000000,2,0.019728,0.000000
45.529840,10.174182,0.000000,3,0.019728,0.000000
45.529840,10.174182,0.000000,4,0.019728,0.000000
45.529840,10.174182,0.000000,5,0.019728,0.000000
45.529840,10.174182,0.000000,0,0.009288,0.000000
45.529840,10.174182,0.000000,1,0.009288,0.000000
45.529840,10.174182,0.000000,2,0.009288,0.000000
45.529840,10.174182,0.000000,3,0.009288,0.000000
45.529840,10.174182,0.000000,4,0.009288,0.000000
45.529840,10.174182,0.000000,5,0.009288,0.000000
45.529840,10.174182,0.000000,0,0.165096,0.000000
45.529840,10.174182,0.000000,1,0.165096,0.000000
45.529840,10.174182,0.000000,2,0.165096,0.000000
45.529840,10.174182,0.000000,3,0.165096,0.000000
45.529840,10.174182,0.000000,4,0.165096,0.000000
45.529840,10.174182,0.000000,5,0.165096,0.000000
45.529840,10.174182,0.000000,0,0.147024,0.000000
45.529840,10.174182,0.000000,1,0.147024,0.000000
45.529840,10.174182,0.000000,2,0.147024,0.000000
45.529840,10.174182,0.000000,3,0.147024,0.000000
45.529840,10.174182,0.000000,4,0.147024,0.000000
45.529840,10.174182,0.000000,5,0.147024,0.000000
45.529840,10.174182,0.000000,0,0.063144,0.000000
45.529840,10.174182,0.000000,1,0.063144,0.000000
45.529840,10.174182,0.000000,2,0.063144,0.000000
45.529840,10.174182,0.000000,3,0.063144,0.000000
45.529840,10.174182,0.000000,4,0.063144,0.000000
45.529840,10.174182,0.000000,5,0.063144,0.000000
45.529840,10.174182,0.000000,0,0.025056,0.000000
45.529840,10.174182,0.000000,1,0.025056,0.000000
45.529840,10.174182,0.000000,2,0.025056,0.000000
45.529840,10.174182,0.000000,3,0.025056,0.000000
45.529840,10.174182,0.000000,4,0.025056,0.000000
45.529840,10.174182,0.000000,5,0.025056,0.000000
45.529840,10.174182,0.000000,0,0.010656,0.000000
45.529840,10.174182,0.000000,1,0.010656,0.000000
45.529840,10.174182,0.000000,2,0.010656,0.000000
45.529840,10.174182,0.000000,3,0.010656,0.000000
45.529840,10.174182,0.000000,4,0.010656,0.000000
45.529840,10.174182,0.000000,5,0.010656,0.000000
45.529840,10.174182,0.000000,0,0.236736,0.000000
45.529840,10.174182,0.000000,1,0.236736,0.000000
45.529840,10.174182,0.000000,2,0.236736,0.000000
45.529840,10.174182,0.000000,3,0.236736,0.000000
45.529840,10.174182,0.000000,4,0.236736,0.000000
45.529840,10.174182,0.000000,5,0.236736,0.000000
45.529840,10.174182,0.000000,0,1.105200,0.000000
45.529840,10.174182,0.000000,1,1.105200,0.000000
45.529840,10.174182,0.000000,2,1.105200,0.000000
45.529840,10.174182,0.000000,3,1.105200,0.000000
45.529840,10.174182,0.000000,4,1.105200,0.000000
45.529840,10.174182,0.000000,5,1.105200,0.000000
45.529840,10.174182,0.000000,0,1.967472,0.000000
45.529840,10.174182,0.000000,1,1.967472,0.000000
45.529840,10.174182,0.000000,2,1.967472,0.000000
45.529840,10.174182,0.000000,3,1.967472,0.000000
45.529840,10.174182,0.000000,4,1.967472,0.000000
45.529840,10.174182,0.000000,5,1.967472,0.000000
45.529840,10.174182,0.000000,0,1.144296,0.000000
45.529840,10.174182,0.000000,1,1.144296,0.000000
45.529840,10.174182,0.000000,2,1.144296,0.000000
45.529840,10.174182,0.000000,3,1.144296,0.000000
45.529840,10.174182,0.000000,4,1.144296,0.000000
45.529840,10.174182,0.000000,5,1.144296,0.000000
45.529840,10.174182,0.000000,0,0.447264,0.000000
45.529840,10.174182,0.000000,1,0.447264,0.000000
45.529840,10.174182,0.000000,2,0.447264,0.000000
45.529840,10.174182,0.000000,3,0.447264,0.000000
45.529840,10.174182,0.000000,4,0.447264,0.000000
45.529840,10.174182,0.000000,5,0.447264,0.000000
45.529840,10.174182,0.000000,0,0.168624,0.000000
45.529840,10.174182,0.000000,1,0.168624,0.000000
45.529840,10.174182,0.000000,2,0.168624,0.000000
45.529840,10.174182,0.000000,3,0.168624,0.000000
45.529840,10.174182,0.000000,4,0.168624,0.000000
45.529840,10.174182,0.000000,5,0.168624,0.000000
45.529840,10.174182,0.000000,0,0.065880,0.000000
45.529840,10.174182,0.000000,1,0.065880,0.000000
45.529840,10.174182,0.000000,2,0.065880,0.000000
45.529840,10.174182,0.000000,3,0.065880,0.000000
45.529840,10.174182,0.000000,4,0.065880,0.000000
45.529840,10.174182,0.000000,5,0.065880,0.000000
45.529840,10.174182,0.000000,0,0.028296,0.000000
45.529840,10.174182,0.000000,1,0.028296,0.000000
45.529840,10.174182,0.000000,2,0.028296,0.000000
45.529840,10.174182,0.000000,3,0.028296,0.000000
45.529840,10.174182,0.000000,4,0.028296,0.000000
45.529840,10.174182,0.000000,5,0.028296,0.000000
45.529840,10.174182,0.000000,0,0.014328,0.000000
45.529840,10.174182,0.000000,1,0.014328,0.000000
45.529840,10.174182,0.000000,2,0.014328,0.000000
45.529840,10.174182,0.000000,3,0.014328,0.000000
45.529840,10.174182,0.000000,4,0.014328,0.000000
45.529840,10.174182,0.000000,5,0.014328,0.000000
45.529840,10.174182,0.000000,0,0.008712,0.000000
45.529840,10.174182,0.000000,1,0.008712,0.000000
45.529840,10.174182,0.000000,2,0.008712,0.000000
45.529840,10.174182,0.000000,3,0.008712,0.000000
45.529840,10.174182,0.000000,4,0.008712,0.000000
45.529840,10.174182,0.000000,5,0.008712,0.000000
45.529810,10.174210,0.000000,0,0.013248,0.000000
45.529810,10.174210,0.000000,1,0.013248,0.000000
45.529810,10.174210,0.000000,2,0.013248,0.000000
45.529810,10.174210,0.000000,3,0.013248,0.000000
45.529810,10.174210,0.000000,4,0.013248,0.000000
45.529810,10.174210,0.000000,5,0.013248,0.000000
45.529810,10.174210,0.000000,0,0.056952,0.000000
45.529810,10.174210,0.000000,1,0.056952,0.000000
45.529810,10.174210,0.000000,2,0.056952,0.000000
45.529810,10.174210,0.000000,3,0.056952,0.000000
45.529810,10.174210,0.000000,4,0.056952,0.000000
45.529810,10.174210,0.000000,5,0.056952,0.000000
45.529810,10.174210,0.000000,0,0.057960,0.000000
45.529810,10.174210,0.000000,1,0.057960,0.000000
45.529810,10.174210,0.000000,2,0.057960,0.000000
45.529810,10.174210,0.000000,3,0.057960,0.000000
45.529810,10.174210,0.000000,4,0.057960,0.000000
45.529810,10.174210,0.000000,5,0.057960,0.000000
45.529810,10.174210,0.000000,0,0.026136,0.000000
45.529810,10.174210,0.000000,1,0.026136,0.000000
45.529810,10.174210,0.000000,2,0.026136,0.000000
45.529810,10.174210,0.000000,3,0.026136,0.000000
45.529810,10.174210,0.000000,4,0.026136,0.000000
45.529810,10.174210,0.000000,5,0.026136,0.000000
45.529810,10.174210,0.000000,0,0.010944,0.000000
45.529810,10.174210,0.000000,1,0.010944,0.000000
45.529810,10.174210,0.000000,2,0.010944,0.000000
45.529810,10.174210,0.000000,3,0.010944,0.000000
45.529810,10.174210,0.000000,4,0.010944,0.000000
45.529810,10.174210,0.000000,5,0.010944,0.000000
45.529797,10.174203,0.000000,0,0.028872,0.000000
45.529797,10.174203,0.000000,1,0.028872,0.000000
45.529797,10.174203,0.000000,2,0.028872,0.000000
45.529797,10.174203,0.000000,3,0.028872,0.000000
45.529797,10.174203,0.000000,4,0.028872,0.000000
45.529797,10.174203,0.000000,5,0.028872,0.000000
45.529797,10.174208,0.000000,0,0.025776,0.000000
45.529797,10.174208,0.000000,1,0.025776,0.000000
45.529797,10.174208,0.000000,2,0.025776,0.000000
45.529797,10.174208,0.000000,3,0.025776,0.000000
45.529797,10.174208,0.000000,4,0.025776,0.000000
45.529797,10.174208,0.000000,5,0.025776,0.000000
45.529797,10.174208,0.000000,0,0.033264,0.000000
45.529797,10.174208,0.000000,1,0.033264,0.000000
45.529797,10.174208,0.000000,2,0.033264,0.000000
45.529797,10.174208,0.000000,3,0.033264,0.000000
45.529797,10.174208,0.000000,4,0.033264,0.000000
45.529797,10.174208,0.000000,5,0.033264,0.000000
45.529797,10.174207,0.000000,0,0.017496,0.000000
45.529797,10.174207,0.000000,1,0.017496,0.000000
45.529797,10.174207,0.000000,2,0.017496,0.000000
45.529797,10.174207,0.000000,3,0.017496,0.000000
45.529797,10.174207,0.000000,4,0.017496,0.000000
45.529797,10.174207,0.000000,5,0.017496,0.000000
45.529797,10.174210,0.000000,0,0.008280,0.000000
45.529797,10.174210,0.000000,1,0.008280,0.000000
45.529797,10.174210,0.000000,2,0.008280,0.000000
45.529797,10.174210,0.000000,3,0.008280,0.000000
45.529797,10.174210,0.000000,4,0.008280,0.000000
45.529797,10.174210,0.000000,5,0.008280,0.000000
45.529797,10.174212,0.000000,0,0.018072,0.000000
45.529797,10.174212,0.000000,1,0.018072,0.000000
45.529797,10.174212,0.000000,2,0.018072,0.000000
45.529797,10.174212,0.000000,3,0.018072,0.000000
45.529797,10.174212,0.000000,4,0.018072,0.000000
45.529797,10.174212,0.000000,5,0.018072,0.000000
45.529797,10.174212,0.000000,0,0.012024,0.000000
45.529797,10.174212,0.000000,1,0.012024,0.000000
45.529797,10.174212,0.000000,2,0.012024,0.000000
45.529797,10.174212,0.000000,3,0.012024,0.000000
45.529797,10.174212,0.000000,4,0.012024,0.000000
45.529797,10.174212,0.000000,5,0.012024,0.000000
45.529797,10.174212,0.000000,0,0.007416,0.000000
45.529797,10.174212,0.000000,1,0.007416,0.000000
45.529797,10.174212,0.000000,2,0.007416,0.000000
45.529797,10.174212,0.000000,3,0.007416,0.000000
45.529797,10.174212,0.000000,4,0.007416,0.000000
45.529797,10.174212,0.000000,5,0.007416,0.000000
45.529797,10.174212,0.000000,0,0.012096,0.000000
45.529797,10.174212,0.000000,1,0.012096,0.000000
45.529797,10.174212,0.000000,2,0.012096,0.000000
45.529797,10.174212,0.000000,3,0.012096,0.000000
45.529797,10.174212,0.000000,4,0.012096,0.000000
45.529797,10.174212,0.000000,5,0.012096,0.000000
45.529797,10.174212,0.000000,0,0.023328,0.000000
45.529797,10.174212,0.000000,1,0.023328,0.000000
45.529797,10.174212,0.000000,2,0.023328,0.000000
45.529797,10.174212,0.000000,3,0.023328,0.000000
45.529797,10.174212,0.000000,4,0.023328,0.000000
45.529797,10.174212,0.000000,5,0.023328,0.000000
45.529797,10.174212,0.000000,0,0.024120,0.000000
45.529797,10.174212,0.000000,1,0.024120,0.000000
45.529797,10.174212,0.000000,2,0.024120,0.000000
45.529797,10.174212,0.000000,3,0.024120,0.000000
45.529797,10.174212,0.000000,4,0.024120,0.000000
45.529797,10.174212,0.000000,5,0.024120,0.000000
45.529797,10.174212,0.000000,0,0.026424,0.000000
45.529797,10.174212,0.000000,1,0.026424,0.000000
45.529797,10.174212,0.000000,2,0.026424,0.000000
45.529797,10.174212,0.000000,3,0.026424,0.000000
45.529797,10.174212,0.000000,4,0.026424,0.000000
45.529797,10.174212,0.000000,5,0.026424,0.000000
45.529797,10.174212,0.000000,0,0.017496,0.000000
45.529797,10.174212,0.000000,1,0.017496,0.000000
45.529797,10.174212,0.000000,2,0.017496,0.000000
45.529797,10.174212,0.000000,3,0.017496,0.000000
45.529797,10.174212,0.000000,4,0.017496,0.000000
45.529797,10.174212,0.000000,5,0.017496,0.000000
45.529797,10.174212,0.000000,0,0.008856,0.000000
45.529797,10.174212,0.000000,1,0.008856,0.000000
45.529797,10.174212,0.000000,2,0.008856,0.000000
45.529797,10.174212,0.000000,3,0.008856,0.000000
45.529797,10.174212,0.000000,4,0.008856,0.000000
45.529797,10.174212,0.000000,5,0.008856,0.000000
45.529835,10.174004,0.000000,0,0.007992,0.000000
45.529835,10.174004,0.000000,1,0.007992,0.000000
45.529835,10.174004,0.000000,2,0.007992,0.000000
45.529835,10.174004,0.000000,3,0.007992,0.000000
45.529835,10.174004,0.000000,4,0.007992,0.000000
45.529835,10.174004,0.000000,5,0.007992,0.000000
45.529840,10.173971,0.000000,0,0.007776,0.000000
45.529840,10.173971,0.000000,1,0.007776,0.000000
45.529840,10.173971,0.000000,2,0.007776,0.000000
45.529840,10.173971,0.000000,3,0.007776,0.000000
45.529840,10.173971,0.000000,4,0.007776,0.000000
45.529840,10.173971,0.000000,5,0.007776,0.000000
45.529840,10.173958,0.000000,0,0.008064,0.000000
45.529840,10.173958,0.000000,1,0.008064,0.000000
45.529840,10.173958,0.000000,2,0.008064,0.000000
45.529840,10.173958,0.000000,3,0.008064,0.000000
45.529840,10.173958,0.000000,4,0.008064,0.000000
45.529840,10.173958,0.000000,5,0.008064,0.000000
45.529778,10.174171,0.000000,0,0.008928,0.000000
45.529778,10.174171,0.000000,1,0.008928,0.000000
45.529778,10.174171,0.000000,2,0.008928,0.000000
45.529778,10.174171,0.000000,3,0.008928,0.000000
45.529778,10.174171,0.000000,4,0.008928,0.000000
45.529778,10.174171,0.000000,5,0.008928,0.000000
45.529778,10.174174,0.000000,0,0.008496,0.000000
45.529778,10.174174,0.000000,1,0.008496,0.000000
45.529778,10.174174,0.000000,2,0.008496,0.000000
45.529778,10.174174,0.000000,3,0.008496,0.000000
45.529778,10.174174,0.000000,4,0.008496,0.000000
45.529778,10.174174,0.000000,5,0.008496,0.000000
45.529780,10.174173,0.000000,0,0.009072,0.000000
45.529780,10.174173,0.000000,1,0.009072,0.000000
45.529780,10.174173,0.000000,2,0.009072,0.000000
45.529780,10.174173,0.000000,3,0.009072,0.000000
45.529780,10.174173,0.000000,4,0.009072,0.000000
45.529780,10.174173,0.000000,5,0.009072,0.000000
45.529780,10.174173,0.000000,0,0.011520,0.000000
45.529780,10.174173,0.000000,1,0.011520,0.000000
45.529780,10.174173,0.000000,2,0.011520,0.000000
45.529780,10.174173,0.000000,3,0.011520,0.000000
45.529780,10.174173,0.000000,4,0.011520,0.000000
45.529780,10.174173,0.000000,5,0.011520,0.000000
45.529780,10.174173,0.000000,0,0.021168,0.000000
45.529780,10.174173,0.000000,1,0.021168,0.000000
45.529780,10.174173,0.000000,2,0.021168,0.000000
45.529780,10.174173,0.000000,3,0.021168,0.000000
45.529780,10.174173,0.000000,4,0.021168,0.000000
45.529780,10.174173,0.000000,5,0.021168,0.000000
45.529780,10.174173,0.000000,0,0.025992,0.000000
45.529780,10.174173,0.000000,1,0.025992,0.000000
45.529780,10.174173,0.000000,2,0.025992,0.000000
45.529780,10.174173,0.000000,3,0.025992,0.000000
45.529780,10.174173,0.000000,4,0.025992,0.000000
45.529780,10.174173,0.000000,5,0.025992,0.000000
45.529780,10.174173,0.000000,0,0.102888,0.000000
45.529780,10.174173,0.000000,1,0.102888,0.000000
45.529780,10.174173,0.000000,2,0.102888,0.000000
45.529780,10.174173,0.000000,3,0.102888,0.000000
45.529780,10.174173,0.000000,4,0.102888,0.000000
45.529780,10.174173,0.000000,5,0.102888,0.000000
45.529780,10.174173,0.000000,0,0.064152,0.000000
45.529780,10.174173,0.000000,1,0.064152,0.000000
45.529780,10.174173,0.000000,2,0.064152,0.000000
45.529780,10.174173,0.000000,3,0.064152,0.000000
45.529780,10.174173,0.000000,4,0.064152,0.000000
45.529780,10.174173,0.000000,5,0.064152,0.000000
45.529780,10.174173,0.000000,0,0.039816,0.000000
45.529780,10.174173,0.000000,1,0.039816,0.000000
45.529780,10.174173,0.000000,2,0.039816,0.000000
45.529780,10.174173,0.000000,3,0.039816,0.000000
45.529780,10.174173,0.000000,4,0.039816,0.000000
45.529780,10.174173,0.000000,5,0.039816,0.000000
45.529780,10.174173,0.000000,0,0.032760,0.000000
45.529780,10.174173,0.000000,1,0.032760,0.000000
45.529780,10.174173,0.000000,2,0.032760,0.000000
45.529780,10.174173,0.000000,3,0.032760,0.000000
45.529780,10.174173,0.000000,4,0.032760,0.000000
45.529780,10.174173,0.000000,5,0.032760,0.000000
45.529780,10.174173,0.000000,0,0.029376,0.000000
45.529780,10.174173,0.000000,1,0.029376,0.000000
45.529780,10.174173,0.000000,2,0.029376,0.000000
45.529780,10.174173,0.000000,3,0.029376,0.000000
45.529780,10.174173,0.000000,4,0.029376,0.000000
45.529780,10.174173,0.000000,5,0.029376,0.000000
45.529780,10.174173,0.000000,0,0.059544,0.000000
45.529780,10.174173,0.000000,1,0.059544,0.000000
45.529780,10.174173,0.000000,2,0.059544,0.000000
45.529780,10.174173,0.000000,3,0.059544,0.000000
45.529780,10.174173,0.000000,4,0.059544,0.000000
45.529780,10.174173,0.000000,5,0.059544,0.000000
45.529780,10.174173,0.000000,0,0.071712,0.000000
45.529780,10.174173,0.000000,1,0.071712,0.000000
45.529780,10.174173,0.000000,2,0.071712,0.000000
45.529780,10.174173,0.000000,3,0.071712,0.000000
45.529780,10.174173,0.000000,4,0.071712,0.000000
45.529780,10.174173,0.000000,5,0.071712,0.000000
45.529780,10.174173,0.000000,0,0.077184,0.000000
45.529780,10.174173,0.000000,1,0.077184,0.000000
45.529780,10.174173,0.000000,2,0.077184,0.000000
45.529780,10.174173,0.000000,3,0.077184,0.000000
45.529780,10.174173,0.000000,4,0.077184,0.000000
45.529780,10.174173,0.000000,5,0.077184,0.000000
45.529780,10.174173,0.000000,0,0.046728,0.000000
45.529780,10.174173,0.000000,1,0.046728,0.000000
45.529780,10.174173,0.000000,2,0.046728,0.000000
45.529780,10.174173,0.000000,3,0.046728,0.000000
45.529780,10.174173,0.000000,4,0.046728,0.000000
45.529780,10.174173,0.000000,5,0.046728,0.000000
45.529780,10.174173,0.000000,0,0.020592,0.000000
45.529780,10.174173,0.000000,1,0.020592,0.000000
45.529780,10.174173,0.000000,2,0.020592,0.000000
45.529780,10.174173,0.000000,3,0.020592,0.000000
45.529780,10.174173,0.000000,4,0.020592,0.000000
45.529780,10.174173,0.000000,5,0.020592,0.000000
45.529780,10.174173,0.000000,0,0.009792,0.000000
45.529780,10.174173,0.000000,1,0.009792,0.000000
45.529780,10.174173,0.000000,2,0.009792,0.000000
45.529780,10.174173,0.000000,3,0.009792,0.000000
45.529780,10.174173,0.000000,4,0.009792,0.000000
45.529780,10.174173,0.000000,5,0.009792,0.000000
45.529827,10.174212,0.000000,0,0.019872,0.000000
45.529827,10.174212,0.000000,1,0.019872,0.000000
45.529827,10.174212,0.000000,2,0.019872,0.000000
45.529827,10.174212,0.000000,3,0.019872,0.000000
45.529827,10.174212,0.000000,4,0.019872,0.000000
45.529827,10.174212,0.000000,5,0.019872,0.000000
45.529827,10.174212,0.000000,0,0.064368,0.000000
45.529827,10.174212,0.000000,1,0.064368,0.000000
45.529827,10.174212,0.000000,2,0.064368,0.000000
45.529827,10.174212,0.000000,3,0.064368,0.000000
45.529827,10.174212,0.000000,4,0.064368,0.000000
45.529827,10.174212,0.000000,5,0.064368,0.000000
45.529827,10.174212,0.000000,0,0.040752,0.000000
45.529827,10.174212,0.000000,1,0.040752,0.000000
45.529827,10.174212,0.000000,2,0.040752,0.000000
45.529827,10.174212,0.000000,3,0.040752,0.000000
45.529827,10.174212,0.000000,4,0.040752,0.000000
45.529827,10.174212,0.000000,5,0.040752,0.000000
45.529827,10.174212,0.000000,0,0.648288,0.000000
45.529827,10.174212,0.000000,1,0.648288,0.000000
45.529827,10.174212,0.000000,2,0.648288,0.000000
45.529827,10.174212,0.000000,3,0.648288,0.000000
45.529827,10.174212,0.000000,4,0.648288,0.000000
45.529827,10.174212,0.000000,5,0.648288,0.000000
45.529827,10.174212,0.000000,0,0.518328,0.000000
45.529827,10.174212,0.000000,1,0.518328,0.000000
45.529827,10.174212,0.000000,2,0.518328,0.000000
45.529827,10.174212,0.000000,3,0.518328,0.000000
45.529827,10.174212,0.000000,4,0.518328,0.000000
45.529827,10.174212,0.000000,5,0.518328,0.000000
45.529827,10.174212,0.000000,0,0.227592,0.000000
45.529827,10.174212,0.000000,1,0.227592,0.000000
45.529827,10.174212,0.000000,2,0.227592,0.000000
45.529827,10.174212,0.000000,3,0.227592,0.000000
45.529827,10.174212,0.000000,4,0.227592,0.000000
45.529827,10.174212,0.000000,5,0.227592,0.000000
45.529827,10.174212,0.000000,0,0.089856,0.000000
45.529827,10.174212,0.000000,1,0.089856,0.000000
45.529827,10.174212,0.000000,2,0.089856,0.000000
45.529827,10.174212,0.000000,3,0.089856,0.000000
45.529827,10.174212,0.000000,4,0.089856,0.000000
45.529827,10.174212,0.000000,5,0.089856,0.000000
45.529827,10.174212,0.000000,0,0.038232,0.000000
45.529827,10.174212,0.000000,1,0.038232,0.000000
45.529827,10.174212,0.000000,2,0.038232,0.000000
45.529827,10.174212,0.000000,3,0.038232,0.000000
45.529827,10.174212,0.000000,4,0.038232,0.000000
45.529827,10.174212,0.000000,5,0.038232,0.000000
45.529827,10.174212,0.000000,0,0.026136,0.000000
45.529827,10.174212,0.000000,1,0.026136,0.000000
45.529827,10.174212,0.000000,2,0.026136,0.000000
45.529827,10.174212,0.000000,3,0.026136,0.000000
45.529827,10.174212,0.000000,4,0.026136,0.000000
45.529827,10.174212,0.000000,5,0.026136,0.000000
45.529827,10.174212,0.000000,0,0.056880,0.000000
45.529827,10.174212,0.000000,1,0.056880,0.000000
45.529827,10.174212,0.000000,2,0.056880,0.000000
45.529827,10.174212,0.000000,3,0.056880,0.000000
45.529827,10.174212,0.000000,4,0.056880,0.000000
45.529827,10.174212,0.000000,5,0.056880,0.000000
45.529827,10.174212,0.000000,0,0.053496,0.000000
45.529827,10.174212,0.000000,1,0.053496,0.000000
45.529827,10.174212,0.000000,2,0.053496,0.000000
45.529827,10.174212,0.000000,3,0.053496,0.000000
45.529827,10.174212,0.000000,4,0.053496,0.000000
45.529827,10.174212,0.000000,5,0.053496,0.000000
45.529827,10.174212,0.000000,0,0.028656,0.000000
45.529827,10.174212,0.000000,1,0.028656,0.000000
45.529827,10.174212,0.000000,2,0.028656,0.000000
45.529827,10.174212,0.000000,3,0.028656,0.000000
45.529827,10.174212,0.000000,4,0.028656,0.000000
45.529827,10.174212,0.000000,5,0.028656,0.000000
45.529827,10.174212,0.000000,0,0.013896,0.000000
45.529827,10.174212,0.000000,1,0.013896,0.000000
45.529827,10.174212,0.000000,2,0.013896,0.000000
45.529827,10.174212,0.000000,3,0.013896,0.000000
45.529827,10.174212,0.000000,4,0.013896,0.000000
45.529827,10.174212,0.000000,5,0.013896,0.000000
45.529827,10.174212,0.000000,0,0.009720,0.000000
45.529827,10.174212,0.000000,1,0.009720,0.000000
45.529827,10.174212,0.000000,2,0.009720,0.000000
45.529827,10.174212,0.000000,3,0.009720,0.000000
45.529827,10.174212,0.000000,4,0.009720,0.000000
45.529827,10.174212,0.000000,5,0.009720,0.000000
45.529827,10.174212,0.000000,0,0.008424,0.000000
45.529827,10.174212,0.000000,1,0.008424,0.000000
45.529827,10.174212,0.000000,2,0.008424,0.000000
45.529827,10.174212,0.000000,3,0.008424,0.000000
45.529827,10.174212,0.000000,4,0.008424,0.000000
45.529827,10.174212,0.000000,5,0.008424,0.000000
45.529827,10.174212,0.000000,0,0.007560,0.000000
45.529827,10.174212,0.000000,1,0.007560,0.000000
45.529827,10.174212,0.000000,2,0.007560,0.000000
45.529827,10.174212,0.000000,3,0.007560,0.000000
45.529827,10.174212,0.000000,4,0.007560,0.000000
45.529827,10.174212,0.000000,5,0.007560,0.000000
45.529827,10.174212,0.000000,0,0.023040,0.000000
45.529827,10.174212,0.000000,1,0.023040,0.000000
45.529827,10.174212,0.000000,2,0.023040,0.000000
45.529827,10.174212,0.000000,3,0.023040,0.000000
45.529827,10.174212,0.000000,4,0.023040,0.000000
45.529827,10.174212,0.000000,5,0.023040,0.000000
45.529827,10.174212,0.000000,0,0.013392,0.000000
45.529827,10.174212,0.000000,1,0.013392,0.000000
45.529827,10.174212,0.000000,2,0.013392,0.000000
45.529827,10.174212,0.000000,3,0.013392,0.000000
45.529827,10.174212,0.000000,4,0.013392,0.000000
45.529827,10.174212,0.000000,5,0.013392,0.000000
45.529827,10.174212,0.000000,0,0.007704,0.000000
45.529827,10.174212,0.000000,1,0.007704,0.000000
45.529827,10.174212,0.000000,2,0.007704,0.000000
45.529827,10.174212,0.000000,3,0.007704,0.000000
45.529827,10.174212,0.000000,4,0.007704,0.000000
45.529827,10.174212,0.000000,5,0.007704,0.000000
45.529827,10.174212,0.000000,0,0.007560,0.000000
45.529827,10.174212,0.000000,1,0.007560,0.000000
45.529827,10.174212,0.000000,2,0.007560,0.000000
45.529827,10.174212,0.000000,3,0.007560,0.000000
45.529827,10.174212,0.000000,4,0.007560,0.000000
45.529827,10.174212,0.000000,5,0.007560,0.000000
45.529827,10.174212,0.000000,0,0.013680,0.000000
45.529827,10.174212,0.000000,1,0.013680,0.000000
45.529827,10.174212,0.000000,2,0.013680,0.000000
45.529827,10.174212,0.000000,3,0.013680,0.000000
45.529827,10.174212,0.000000,4,0.013680,0.000000
45.529827,10.174212,0.000000,5,0.013680,0.000000
45.529827,10.174212,0.000000,0,0.032256,0.000000
45.529827,10.174212,0.000000,1,0.032256,0.000000
45.529827,10.174212,0.000000,2,0.032256,0.000000
45.529827,10.174212,0.000000,3,0.032256,0.000000
45.529827,10.174212,0.000000,4,0.032256,0.000000
45.529827,10.174212,0.000000,5,0.032256,0.000000
45.529827,10.174212,0.000000,0,0.066744,0.000000
45.529827,10.174212,0.000000,1,0.066744,0.000000
45.529827,10.174212,0.000000,2,0.066744,0.000000
45.529827,10.174212,0.000000,3,0.066744,0.000000
45.529827,10.174212,0.000000,4,0.066744,0.000000
45.529827,10.174212,0.000000,5,0.066744,0.000000
45.529827,10.174212,0.000000,0,0.032832,0.000000
45.529827,10.174212,0.000000,1,0.032832,0.000000
45.529827,10.174212,0.000000,2,0.032832,0.000000
45.529827,10.174212,0.000000,3,0.032832,0.000000
45.529827,10.174212,0.000000,4,0.032832,0.000000
45.529827,10.174212,0.000000,5,0.032832,0.000000
45.529827,10.174212,0.000000,0,0.015624,0.000000
45.529827,10.174212,0.000000,1,0.015624,0.000000
45.529827,10.174212,0.000000,2,0.015624,0.000000
45.529827,10.174212,0.000000,3,0.015624,0.000000
45.529827,10.174212,0.000000,4,0.015624,0.000000
45.529827,10.174212,0.000000,5,0.015624,0.000000
45.529827,10.174212,0.000000,0,0.007992,0.000000
45.529827,10.174212,0.000000,1,0.007992,0.000000
45.529827,10.174212,0.000000,2,0.007992,0.000000
45.529827,10.174212,0.000000,3,0.007992,0.000000
45.529827,10.174212,0.000000,4,0.007992,0.000000
45.529827,10.174212,0.000000,5,0.007992,0.000000
45.529827,10.174212,0.000000,0,0.009936,0.000000
45.529827,10.174212,0.000000,1,0.009936,0.000000
45.529827,10.174212,0.000000,2,0.009936,0.000000
45.529827,10.174212,0.000000,3,0.009936,0.000000
45.529827,10.174212,0.000000,4,0.009936,0.000000
45.529827,10.174212,0.000000,5,0.009936,0.000000
45.529827,10.174212,0.000000,0,0.023688,0.000000
45.529827,10.174212,0.000000,1,0.023688,0.000000
45.529827,10.174212,0.000000,2,0.023688,0.000000
45.529827,10.174212,0.000000,3,0.023688,0.000000
45.529827,10.174212,0.000000,4,0.023688,0.000000
45.529827,10.174212,0.000000,5,0.023688,0.000000
45.529827,10.174212,0.000000,0,0.036576,0.000000
45.529827,10.174212,0.000000,1,0.036576,0.000000
45.529827,10.174212,0.000000,2,0.036576,0.000000
45.529827,10.174212,0.000000,3,0.036576,0.000000
45.529827,10.174212,0.000000,4,0.036576,0.000000
45.529827,10.174212,0.000000,5,0.036576,0.000000
45.529827,10.174212,0.000000,0,0.042624,0.000000
45.529827,10.174212,0.000000,1,0.042624,0.000000
45.529827,10.174212,0.000000,2,0.042624,0.000000
45.529827,10.174212,0.000000,3,0.042624,0.000000
45.529827,10.174212,0.000000,4,0.042624,0.000000
45.529827,10.174212,0.000000,5,0.042624,0.000000
45.529827,10.174212,0.000000,0,0.025920,0.000000
45.529827,10.174212,0.000000,1,0.025920,0.000000
45.529827,10.174212,0.000000,2,0.025920,0.000000
45.529827,10.174212,0.000000,3,0.025920,0.000000
45.529827,10.174212,0.000000,4,0.025920,0.000000
45.529827,10.174212,0.000000,5,0.025920,0.000000
45.529827,10.174212,0.000000,0,0.014688,0.000000
45.529827,10.174212,0.000000,1,0.014688,0.000000
45.529827,10.174212,0.000000,2,0.014688,0.000000
45.529827,10.174212,0.000000,3,0.014688,0.000000
45.529827,10.174212,0.000000,4,0.014688,0.000000
45.529827,10.174212,0.000000,5,0.014688,0.000000
45.529827,10.174212,0.000000,0,0.007272,0.000000
45.529827,10.174212,0.000000,1,0.007272,0.000000
45.529827,10.174212,0.000000,2,0.007272,0.000000
45.529827,10.174212,0.000000,3,0.007272,0.000000
45.529827,10.174212,0.000000,4,0.007272,0.000000
45.529827,10.174212,0.000000,5,0.007272,0.000000
45.529827,10.174212,0.000000,0,0.011952,0.000000
45.529827,10.174212,0.000000,1,0.011952,0.000000
45.529827,10.174212,0.000000,2,0.011952,0.000000
45.529827,10.174212,0.000000,3,0.011952,0.000000
45.529827,10.174212,0.000000,4,0.011952,0.000000
45.529827,10.174212,0.000000,5,0.011952,0.000000
45.529827,10.174212,0.000000,0,0.037296,0.000000
45.529827,10.174212,0.000000,1,0.037296,0.000000
45.529827,10.174212,0.000000,2,0.037296,0.000000
45.529827,10.174212,0.000000,3,0.037296,0.000000
45.529827,10.174212,0.000000,4,0.037296,0.000000
45.529827,10.174212,0.000000,5,0.037296,0.000000
45.529827,10.174212,0.000000,0,0.046440,0.000000
45.529827,10.174212,0.000000,1,0.046440,0.000000
45.529827,10.174212,0.000000,2,0.046440,0.000000
45.529827,10.174212,0.000000,3,0.046440,0.000000
45.529827,10.174212,0.000000,4,0.046440,0.000000
45.529827,10.174212,0.000000,5,0.046440,0.000000
45.529827,10.174212,0.000000,0,0.031320,0.000000
45.529827,10.174212,0.000000,1,0.031320,0.000000
45.529827,10.174212,0.000000,2,0.031320,0.000000
45.529827,10.174212,0.000000,3,0.031320,0.000000
45.529827,10.174212,0.000000,4,0.031320,0.000000
45.529827,10.174212,0.000000,5,0.031320,0.000000
45.529827,10.174212,0.000000,0,0.017424,0.000000
45.529827,10.174212,0.000000,1,0.017424,0.000000
45.529827,10.174212,0.000000,2,0.017424,0.000000
45.529827,10.174212,0.000000,3,0.017424,0.000000
45.529827,10.174212,0.000000,4,0.017424,0.000000
45.529827,10.174212,0.000000,5,0.017424,0.000000
45.529827,10.174212,0.000000,0,0.012384,0.000000
45.529827,10.174212,0.000000,1,0.012384,0.000000
45.529827,10.174212,0.000000,2,0.012384,0.000000
45.529827,10.174212,0.000000,3,0.012384,0.000000
45.529827,10.174212,0.000000,4,0.012384,0.000000
45.529827,10.174212,0.000000,5,0.012384,0.000000
45.529827,10.174212,0.000000,0,0.007776,0.000000
45.529827,10.174212,0.000000,1,0.007776,0.000000
45.529827,10.174212,0.000000,2,0.007776,0.000000
45.529827,10.174212,0.000000,3,0.007776,0.000000
45.529827,10.174212,0.000000,4,0.007776,0.000000
45.529827,10.174212,0.000000,5,0.007776,0.000000
45.529827,10.174212,0.000000,0,0.044280,0.000000
45.529827,10.174212,0.000000,1,0.044280,0.000000
45.529827,10.174212,0.000000,2,0.044280,0.000000
45.529827,10.174212,0.000000,3,0.044280,0.000000
45.529827,10.174212,0.000000,4,0.044280,0.000000
45.529827,10.174212,0.000000,5,0.044280,0.000000
45.529827,10.174212,0.000000,0,0.109152,0.000000
45.529827,10.174212,0.000000,1,0.109152,0.000000
45.529827,10.174212,0.000000,2,0.109152,0.000000
45.529827,10.174212,0.000000,3,0.109152,0.000000
45.529827,10.174212,0.000000,4,0.109152,0.000000
45.529827,10.174212,0.000000,5,0.109152,0.000000
45.529827,10.174212,0.000000,0,0.064656,0.000000
45.529827,10.174212,0.000000,1,0.064656,0.000000
45.529827,10.174212,0.000000,2,0.064656,0.000000
45.529827,10.174212,0.000000,3,0.064656,0.000000
45.529827,10.174212,0.000000,4,0.064656,0.000000
45.529827,10.174212,0.000000,5,0.064656,0.000000
45.529827,10.174212,0.000000,0,0.093240,0.000000
45.529827,10.174212,0.000000,1,0.093240,0.000000
45.529827,10.174212,0.000000,2,0.093240,0.000000
45.529827,10.174212,0.000000,3,0.093240,0.000000
45.529827,10.174212,0.000000,4,0.093240,0.000000
45.529827,10.174212,0.000000,5,0.093240,0.000000
45.529827,10.174212,0.000000,0,0.090000,0.000000
45.529827,10.174212,0.000000,1,0.090000,0.000000
45.529827,10.174212,0.000000,2,0.090000,0.000000
45.529827,10.174212,0.000000,3,0.090000,0.000000
45.529827,10.174212,0.000000,4,0.090000,0.000000
45.529827,10.174212,0.000000,5,0.090000,0.000000
45.529827,10.174212,0.000000,0,0.037440,0.000000
45.529827,10.174212,0.000000,1,0.037440,0.000000
45.529827,10.174212,0.000000,2,0.037440,0.000000
45.529827,10.174212,0.000000,3,0.037440,0.000000
45.529827,10.174212,0.000000,4,0.037440,0.000000
45.529827,10.174212,0.000000,5,0.037440,0.000000
45.529827,10.174212,0.000000,0,0.015264,0.000000
45.529827,10.174212,0.000000,1,0.015264,0.000000
45.529827,10.174212,0.000000,2,0.015264,0.000000
45.529827,10.174212,0.000000,3,0.015264,0.000000
45.529827,10.174212,0.000000,4,0.015264,0.000000
45.529827,10.174212,0.000000,5,0.015264,0.000000
45.529827,10.174212,0.000000,0,0.007272,0.000000
45.529827,10.174212,0.000000,1,0.007272,0.000000
45.529827,10.174212,0.000000,2,0.007272,0.000000
45.529827,10.174212,0.000000,3,0.007272,0.000000
45.529827,10.174212,0.000000,4,0.007272,0.000000
45.529827,10.174212,0.000000,5,0.007272,0.000000
45.529797,10.174212,0.000000,0,0.063432,0.000000
45.529797,10.174212,0.000000,1,0.063432,0.000000
45.529797,10.174212,0.000000,2,0.063432,0.000000
45.529797,10.174212,0.000000,3,0.063432,0.000000
45.529797,10.174212,0.000000,4,0.063432,0.000000
45.529797,10.174212,0.000000,5,0.063432,0.000000
45.529797,10.174212,0.000000,0,0.524736,0.000000
45.529797,10.174212,0.000000,1,0.524736,0.000000
45.529797,10.174212,0.000000,2,0.524736,0.000000
45.529797,10.174212,0.000000,3,0.524736,0.000000
45.529797,10.174212,0.000000,4,0.524736,0.000000
45.529797,10.174212,0.000000,5,0.524736,0.000000
45.529797,10.174212,0.000000,0,0.627408,0.000000
45.529797,10.174212,0.000000,1,0.627408,0.000000
45.529797,10.174212,0.000000,2,0.627408,0.000000
45.529797,10.174212,0.000000,3,0.627408,0.000000
45.529797,10.174212,0.000000,4,0.627408,0.000000
45.529797,10.174212,0.000000,5,0.627408,0.000000
45.529797,10.174212,0.000000,0,0.307008,0.000000
45.529797,10.174212,0.000000,1,0.307008,0.000000
45.529797,10.174212,0.000000,2,0.307008,0.000000
45.529797,10.174212,0.000000,3,0.307008,0.000000
45.529797,10.174212,0.000000,4,0.307008,0.000000
45.529797,10.174212,0.000000,5,0.307008,0.000000
45.529797,10.174212,0.000000,0,0.190584,0.000000
45.529797,10.174212,0.000000,1,0.190584,0.000000
45.529797,10.174212,0.000000,2,0.190584,0.000000
45.529797,10.174212,0.000000,3,0.190584,0.000000
45.529797,10.174212,0.000000,4,0.190584,0.000000
45.529797,10.174212,0.000000,5,0.190584,0.000000
45.529797,10.174212,0.000000,0,0.154080,0.000000
45.529797,10.174212,0.000000,1,0.154080,0.000000
45.529797,10.174212,0.000000,2,0.154080,0.000000
45.529797,10.174212,0.000000,3,0.154080,0.000000
45.529797,10.174212,0.000000,4,0.154080,0.000000
45.529797,10.174212,0.000000,5,0.154080,0.000000
45.529797,10.174212,0.000000,0,0.064368,0.000000
45.529797,10.174212,0.000000,1,0.064368,0.000000
45.529797,10.174212,0.000000,2,0.064368,0.000000
45.529797,10.174212,0.000000,3,0.064368,0.000000
45.529797,10.174212,0.000000,4,0.064368,0.000000
45.529797,10.174212,0.000000,5,0.064368,0.000000
45.529797,10.174212,0.000000,0,0.026712,0.000000
45.529797,10.174212,0.000000,1,0.026712,0.000000
45.529797,10.174212,0.000000,2,0.026712,0.000000
45.529797,10.174212,0.000000,3,0.026712,0.000000
45.529797,10.174212,0.000000,4,0.026712,0.000000
45.529797,10.174212,0.000000,5,0.026712,0.000000
45.529797,10.174212,0.000000,0,0.012312,0.000000
45.529797,10.174212,0.000000,1,0.012312,0.000000
45.529797,10.174212,0.000000,2,0.012312,0.000000
45.529797,10.174212,0.000000,3,0.012312,0.000000
45.529797,10.174212,0.000000,4,0.012312,0.000000
45.529797,10.174212,0.000000,5,0.012312,0.000000
45.529797,10.174212,0.000000,0,0.237672,0.000000
45.529797,10.174212,0.000000,1,0.237672,0.000000
45.529797,10.174212,0.000000,2,0.237672,0.000000
45.529797,10.174212,0.000000,3,0.237672,0.000000
45.529797,10.174212,0.000000,4,0.237672,0.000000
45.529797,10.174212,0.000000,5,0.237672,0.000000
45.529797,10.174212,0.000000,0,0.240480,0.000000
45.529797,10.174212,0.000000,1,0.240480,0.000000
45.529797,10.174212,0.000000,2,0.240480,0.000000
45.529797,10.174212,0.000000,3,0.240480,0.000000
45.529797,10.174212,0.000000,4,0.240480,0.000000
45.529797,10.174212,0.000000,5,0.240480,0.000000
45.529797,10.174212,0.000000,0,0.467136,0.000000
45.529797,10.174212,0.000000,1,0.467136,0.000000
45.529797,10.174212,0.000000,2,0.467136,0.000000
45.529797,10.174212,0.000000,3,0.467136,0.000000
45.529797,10.174212,0.000000,4,0.467136,0.000000
45.529797,10.174212,0.000000,5,0.467136,0.000000
45.529797,10.174212,0.000000,0,0.557496,0.000000
45.529797,10.174212,0.000000,1,0.557496,0.000000
45.529797,10.174212,0.000000,2,0.557496,0.000000
45.529797,10.174212,0.000000,3,0.557496,0.000000
45.529797,10.174212,0.000000,4,0.557496,0.000000
45.529797,10.174212,0.000000,5,0.557496,0.000000
45.529797,10.174212,0.000000,0,0.357696,0.000000
45.529797,10.174212,0.000000,1,0.357696,0.000000
45.529797,10.174212,0.000000,2,0.357696,0.000000
45.529797,10.174212,0.000000,3,0.357696,0.000000
45.529797,10.174212,0.000000,4,0.357696,0.000000
45.529797,10.174212,0.000000,5,0.357696,0.000000
45.529797,10.174212,0.000000,0,0.189576,0.000000
45.529797,10.174212,0.000000,1,0.189576,0.000000
45.529797,10.174212,0.000000,2,0.189576,0.000000
45.529797,10.174212,0.000000,3,0.189576,0.000000
45.529797,10.174212,0.000000,4,0.189576,0.000000
45.529797,10.174212,0.000000,5,0.189576,0.000000
45.529797,10.174212,0.000000,0,0.108144,0.000000
45.529797,10.174212,0.000000,1,0.108144,0.000000
45.529797,10.174212,0.000000,2,0.108144,0.000000
45.529797,10.174212,0.000000,3,0.108144,0.000000
45.529797,10.174212,0.000000,4,0.108144,0.000000
45.529797,10.174212,0.000000,5,0.108144,0.000000
45.529797,10.174212,0.000000,0,0.098712,0.000000
45.529797,10.174212,0.000000,1,0.098712,0.000000
45.529797,10.174212,0.000000,2,0.098712,0.000000
45.529797,10.174212,0.000000,3,0.098712,0.000000
45.529797,10.174212,0.000000,4,0.098712,0.000000
45.529797,10.174212,0.000000,5,0.098712,0.000000
45.529797,10.174212,0.000000,0,0.065592,0.000000
45.529797,10.174212,0.000000,1,0.065592,0.000000
45.529797,10.174212,0.000000,2,0.065592,0.000000
45.529797,10.174212,0.000000,3,0.065592,0.000000
45.529797,10.174212,0.000000,4,0.065592,0.000000
45.529797,10.174212,0.000000,5,0.065592,0.000000
45.529797,10.174212,0.000000,0,0.035136,0.000000
45.529797,10.174212,0.000000,1,0.035136,0.000000
45.529797,10.174212,0.000000,2,0.035136,0.000000
45.529797,10.174212,0.000000,3,0.035136,0.000000
45.529797,10.174212,0.000000,4,0.035136,0.000000
45.529797,10.174212,0.000000,5,0.035136,0.000000
45.529797,10.174212,0.000000,0,0.017352,0.000000
45.529797,10.174212,0.000000,1,0.017352,0.000000
45.529797,10.174212,0.000000,2,0.017352,0.000000
45.529797,10.174212,0.000000,3,0.017352,0.000000
45.529797,10.174212,0.000000,4,0.017352,0.000000
45.529797,10.174212,0.000000,5,0.017352,0.000000
45.529797,10.174212,0.000000,0,0.009072,0.000000
45.529797,10.174212,0.000000,1,0.009072,0.000000
45.529797,10.174212,0.000000,2,0.009072,0.000000
45.529797,10.174212,0.000000,3,0.009072,0.000000
45.529797,10.174212,0.000000,4,0.009072,0.000000
45.529797,10.174212,0.000000,5,0.009072,0.000000
45.529797,10.174212,0.000000,0,0.043344,0.000000
45.529797,10.174212,0.000000,1,0.043344,0.000000
45.529797,10.174212,0.000000,2,0.043344,0.000000
45.529797,10.174212,0.000000,3,0.043344,0.000000
45.529797,10.174212,0.000000,4,0.043344,0.000000
45.529797,10.174212,0.000000,5,0.043344,0.000000
45.529797,10.174212,0.000000,0,0.026496,0.000000
45.529797,10.174212,0.000000,1,0.026496,0.000000
45.529797,10.174212,0.000000,2,0.026496,0.000000
45.529797,10.174212,0.000000,3,0.026496,0.000000
45.529797,10.174212,0.000000,4,0.026496,0.000000
45.529797,10.174212,0.000000,5,0.026496,0.000000
45.529797,10.174212,0.000000,0,0.011520,0.000000
45.529797,10.174212,0.000000,1,0.011520,0.000000
45.529797,10.174212,0.000000,2,0.011520,0.000000
45.529797,10.174212,0.000000,3,0.011520,0.000000
45.529797,10.174212,0.000000,4,0.011520,0.000000
45.529797,10.174212,0.000000,5,0.011520,0.000000
45.529800,10.174198,0.000000,0,1.139400,0.000000
45.529800,10.174198,0.000000,1,1.139400,0.000000
45.529800,10.174198,0.000000,2,1.139400,0.000000
45.529800,10.174198,0.000000,3,1.139400,0.000000
45.529800,10.174198,0.000000,4,1.139400,0.000000
45.529800,10.174198,0.000000,5,1.139400,0.000000
45.529800,10.174198,0.000000,0,0.866304,0.000000
45.529800,10.174198,0.000000,1,0.866304,0.000000
45.529800,10.174198,0.000000,2,0.866304,0.000000
45.529800,10.174198,0.000000,3,0.866304,0.000000
45.529800,10.174198,0.000000,4,0.866304,0.000000
45.529800,10.174198,0.000000,5,0.866304,0.000000
45.529800,10.174198,0.000000,0,0.380736,0.000000
45.529800,10.174198,0.000000,1,0.380736,0.000000
45.529800,10.174198,0.000000,2,0.380736,0.000000
45.529800,10.174198,0.000000,3,0.380736,0.000000
45.529800,10.174198,0.000000,4,0.380736,0.000000
45.529800,10.174198,0.000000,5,0.380736,0.000000
45.529800,10.174198,0.000000,0,0.150912,0.000000
45.529800,10.174198,0.000000,1,0.150912,0.000000
45.529800,10.174198,0.000000,2,0.150912,0.000000
45.529800,10.174198,0.000000,3,0.150912,0.000000
45.529800,10.174198,0.000000,4,0.150912,0.000000
45.529800,10.174198,0.000000,5,0.150912,0.000000
45.529800,10.174198,0.000000,0,0.073440,0.000000
45.529800,10.174198,0.000000,1,0.073440,0.000000
45.529800,10.174198,0.000000,2,0.073440,0.000000
45.529800,10.174198,0.000000,3,0.073440,0.000000
45.529800,10.174198,0.000000,4,0.073440,0.000000
45.529800,10.174198,0.000000,5,0.073440,0.000000
45.529800,10.174198,0.000000,0,0.037152,0.000000
45.529800,10.174198,0.000000,1,0.037152,0.000000
45.529800,10.174198,0.000000,2,0.037152,0.000000
45.529800,10.174198,0.000000,3,0.037152,0.000000
45.529800,10.174198,0.000000,4,0.037152,0.000000
45.529800,10.174198,0.000000,5,0.037152,0.000000
45.529800,10.174198,0.000000,0,0.016488,0.000000
45.529800,10.174198,0.000000,1,0.016488,0.000000
45.529800,10.174198,0.000000,2,0.016488,0.000000
45.529800,10.174198,0.000000,3,0.016488,0.000000
45.529800,10.174198,0.000000,4,0.016488,0.000000
45.529800,10.174198,0.000000,5,0.016488,0.000000
45.529800,10.174198,0.000000,0,0.008496,0.000000
45.529800,10.174198,0.000000,1,0.008496,0.000000
45.529800,10.174198,0.000000,2,0.008496,0.000000
45.529800,10.174198,0.000000,3,0.008496,0.000000
45.529800,10.174198,0.000000,4,0.008496,0.000000
45.529800,10.174198,0.000000,5,0.008496,0.000000
45.529800,10.174198,0.000000,0,0.011448,0.000000
45.529800,10.174198,0.000000,1,0.011448,0.000000
45.529800,10.174198,0.000000,2,0.011448,0.000000
45.529800,10.174198,0.000000,3,0.011448,0.000000
45.529800,10.174198,0.000000,4,0.011448,0.000000
45.529800,10.174198,0.000000,5,0.011448,0.000000
45.529800,10.174198,0.000000,0,4.512600,0.000000
45.529800,10.174198,0.000000,1,4.512600,0.000000
45.529800,10.174198,0.000000,2,4.512600,0.000000
45.529800,10.174198,0.000000,3,4.512600,0.000000
45.529800,10.174198,0.000000,4,4.512600,0.000000
45.529800,10.174198,0.000000,5,4.512600,0.000000
45.529800,10.174198,0.000000,0,2.358576,0.000000
45.529800,10.174198,0.000000,1,2.358576,0.000000
45.529800,10.174198,0.000000,2,2.358576,0.000000
45.529800,10.174198,0.000000,3,2.358576,0.000000
45.529800,10.174198,0.000000,4,2.358576,0.000000
45.529800,10.174198,0.000000,5,2.358576,0.000000
45.529800,10.174198,0.000000,0,0.910296,0.000000
45.529800,10.174198,0.000000,1,0.910296,0.000000
45.529800,10.174198,0.000000,2,0.910296,0.000000
45.529800,10.174198,0.000000,3,0.910296,0.000000
45.529800,10.174198,0.000000,4,0.910296,0.000000
45.529800,10.174198,0.000000,5,0.910296,0.000000
45.529800,10.174198,0.000000,0,14.759784,0.000000
45.529800,10.174198,0.000000,1,14.759784,0.000000
45.529800,10.174198,0.000000,2,14.759784,0.000000
45.529800,10.174198,0.000000,3,14.759784,0.000000
45.529800,10.174198,0.000000,4,14.759784,0.000000
45.529800,10.174198,0.000000,5,14.759784,0.000000
45.529800,10.174198,0.000000,0,12.325968,0.000000
45.529800,10.174198,0.000000,1,12.325968,0.000000
45.529800,10.174198,0.000000,2,12.325968,0.000000
45.529800,10.174198,0.000000,3,12.325968,0.000000
45.529800,10.174198,0.000000,4,12.325968,0.000000
45.529800,10.174198,0.000000,5,12.325968,0.000000
45.529800,10.174198,0.000000,0,11.012184,0.000000
45.529800,10.174198,0.000000,1,11.012184,0.000000
45.529800,10.174198,0.000000,2,11.012184,0.000000
45.529800,10.174198,0.000000,3,11.012184,0.000000
45.529800,10.174198,0.000000,4,11.012184,0.000000
45.529800,10.174198,0.000000,5,11.012184,0.000000
45.529800,10.174198,0.000000,0,14.345784,0.000000
45.529800,10.174198,0.000000,1,14.345784,0.000000
45.529800,10.174198,0.000000,2,14.345784,0.000000
45.529800,10.174198,0.000000,3,14.345784,0.000000
45.529800,10.174198,0.000000,4,14.345784,0.000000
45.529800,10.174198,0.000000,5,14.345784,0.000000
45.529800,10.174198,0.000000,0,8.262216,0.000000
45.529800,10.174198,0.000000,1,8.262216,0.000000
45.529800,10.174198,0.000000,2,8.262216,0.000000
45.529800,10.174198,0.000000,3,8.262216,0.000000
45.529800,10.174198,0.000000,4,8.262216,0.000000
45.529800,10.174198,0.000000,5,8.262216,0.000000
45.529800,10.174198,0.000000,0,4.020696,0.000000
45.529800,10.174198,0.000000,1,4.020696,0.000000
45.529800,10.174198,0.000000,2,4.020696,0.000000
45.529800,10.174198,0.000000,3,4.020696,0.000000
45.529800,10.174198,0.000000,4,4.020696,0.000000
45.529800,10.174198,0.000000,5,4.020696,0.000000
45.529800,10.174198,0.000000,0,1.580256,0.000000
45.529800,10.174198,0.000000,1,1.580256,0.000000
45.529800,10.174198,0.000000,2,1.580256,0.000000
45.529800,10.174198,0.000000,3,1.580256,0.000000
45.529800,10.174198,0.000000,4,1.580256,0.000000
45.529800,10.174198,0.000000,5,1.580256,0.000000
45.529800,10.174198,0.000000,0,0.636480,0.000000
45.529800,10.174198,0.000000,1,0.636480,0.000000
45.529800,10.174198,0.000000,2,0.636480,0.000000
45.529800,10.174198,0.000000,3,0.636480,0.000000
45.529800,10.174198,0.000000,4,0.636480,0.000000
45.529800,10.174198,0.000000,5,0.636480,0.000000
45.529800,10.174198,0.000000,0,0.269136,0.000000
45.529800,10.174198,0.000000,1,0.269136,0.000000
45.529800,10.174198,0.000000,2,0.269136,0.000000
45.529800,10.174198,0.000000,3,0.269136,0.000000
45.529800,10.174198,0.000000,4,0.269136,0.000000
45.529800,10.174198,0.000000,5,0.269136,0.000000
45.529800,10.174198,0.000000,0,0.130680,0.000000
45.529800,10.174198,0.000000,1,0.130680,0.000000
45.529800,10.174198,0.000000,2,0.130680,0.000000
45.529800,10.174198,0.000000,3,0.130680,0.000000
45.529800,10.174198,0.000000,4,0.130680,0.000000
45.529800,10.174198,0.000000,5,0.130680,0.000000
45.529800,10.174198,0.000000,0,0.073008,0.000000
45.529800,10.174198,0.000000,1,0.073008,0.000000
45.529800,10.174198,0.000000,2,0.073008,0.000000
45.529800,10.174198,0.000000,3,0.073008,0.000000
45.529800,10.174198,0.000000,4,0.073008,0.000000
45.529800,10.174198,0.000000,5,0.073008,0.000000
45.529800,10.174198,0.000000,0,0.048312,0.000000
45.529800,10.174198,0.000000,1,0.048312,0.000000
45.529800,10.174198,0.000000,2,0.048312,0.000000
45.529800,10.174198,0.000000,3,0.048312,0.000000
45.529800,10.174198,0.000000,4,0.048312,0.000000
45.529800,10.174198,0.000000,5,0.048312,0.000000
45.529800,10.174198,0.000000,0,0.034632,0.000000
45.529800,10.174198,0.000000,1,0.034632,0.000000
45.529800,10.174198,0.000000,2,0.034632,0.000000
45.529800,10.174198,0.000000,3,0.034632,0.000000
45.529800,10.174198,0.000000,4,0.034632,0.000000
45.529800,10.174198,0.000000,5,0.034632,0.000000
45.529800,10.174198,0.000000,0,0.027144,0.000000
45.529800,10.174198,0.000000,1,0.027144,0.000000
45.529800,10.174198,0.000000,2,0.027144,0.000000
45.529800,10.174198,0.000000,3,0.027144,0.000000
45.529800,10.174198,0.000000,4,0.027144,0.000000
45.529800,10.174198,0.000000,5,0.027144,0.000000
45.529800,10.174198,0.000000,0,0.023040,0.000000
45.529800,10.174198,0.000000,1,0.023040,0.000000
45.529800,10.174198,0.000000,2,0.023040,0.000000
45.529800,10.174198,0.000000,3,0.023040,0.000000
45.529800,10.174198,0.000000,4,0.023040,0.000000
45.529800,10.174198,0.000000,5,0.023040,0.000000
45.529800,10.174198,0.000000,0,0.020952,0.000000
45.529800,10.174198,0.000000,1,0.020952,0.000000
45.529800,10.174198,0.000000,2,0.020952,0.000000
45.529800,10.174198,0.000000,3,0.020952,0.000000
45.529800,10.174198,0.000000,4,0.020952,0.000000
45.529800,10.174198,0.000000,5,0.020952,0.000000
45.529800,10.174198,0.000000,0,0.016920,0.000000
45.529800,10.174198,0.000000,1,0.016920,0.000000
45.529800,10.174198,0.000000,2,0.016920,0.000000
45.529800,10.174198,0.000000,3,0.016920,0.000000
45.529800,10.174198,0.000000,4,0.016920,0.000000
45.529800,10.174198,0.000000,5,0.016920,0.000000
45.529800,10.174198,0.000000,0,0.014616,0.000000
45.529800,10.174198,0.000000,1,0.014616,0.000000
45.529800,10.174198,0.000000,2,0.014616,0.000000
45.529800,10.174198,0.000000,3,0.014616,0.000000
45.529800,10.174198,0.000000,4,0.014616,0.000000
45.529800,10.174198,0.000000,5,0.014616,0.000000
45.529800,10.174198,0.000000,0,0.013248,0.000000
45.529800,10.174198,0.000000,1,0.013248,0.000000
45.529800,10.174198,0.000000,2,0.013248,0.000000
45.529800,10.174198,0.000000,3,0.013248,0.000000
45.529800,10.174198,0.000000,4,0.013248,0.000000
45.529800,10.174198,0.000000,5,0.013248,0.000000
45.529800,10.174198,0.000000,0,0.011304,0.000000
45.529800,10.174198,0.000000,1,0.011304,0.000000
45.529800,10.174198,0.000000,2,0.011304,0.000000
45.529800,10.174198,0.000000,3,0.011304,0.000000
45.529800,10.174198,0.000000,4,0.011304,0.000000
45.529800,10.174198,0.000000,5,0.011304,0.000000
45.529800,10.174198,0.000000,0,0.010008,0.000000
45.529800,10.174198,0.000000,1,0.010008,0.000000
45.529800,10.174198,0.000000,2,0.010008,0.000000
45.529800,10.174198,0.000000,3,0.010008,0.000000
45.529800,10.174198,0.000000,4,0.010008,0.000000
45.529800,10.174198,0.000000,5,0.010008,0.000000
45.529800,10.174198,0.000000,0,0.008856,0.000000
45.529800,10.174198,0.000000,1,0.008856,0.000000
45.529800,10.174198,0.000000,2,0.008856,0.000000
45.529800,10.174198,0.000000,3,0.008856,0.000000
45.529800,10.174198,0.000000,4,0.008856,0.000000
45.529800,10.174198,0.000000,5,0.008856,0.000000
45.529800,10.174198,0.000000,0,0.008064,0.000000
45.529800,10.174198,0.000000,1,0.008064,0.000000
45.529800,10.174198,0.000000,2,0.008064,0.000000
45.529800,10.174198,0.000000,3,0.008064,0.000000
45.529800,10.174198,0.000000,4,0.008064,0.000000
45.529800,10.174198,0.000000,5,0.008064,0.000000
45.529800,10.174198,0.000000,0,1.060272,0.000000
45.529800,10.174198,0.000000,1,1.060272,0.000000
45.529800,10.174198,0.000000,2,1.060272,0.000000
45.529800,10.174198,0.000000,3,1.060272,0.000000
45.529800,10.174198,0.000000,4,1.060272,0.000000
45.529800,10.174198,0.000000,5,1.060272,0.000000
45.529800,10.174198,0.000000,0,1.969272,0.000000
45.529800,10.174198,0.000000,1,1.969272,0.000000
45.529800,10.174198,0.000000,2,1.969272,0.000000
45.529800,10.174198,0.000000,3,1.969272,0.000000
45.529800,10.174198,0.000000,4,1.969272,0.000000
45.529800,10.174198,0.000000,5,1.969272,0.000000
45.529800,10.174198,0.000000,0,1.258200,0.000000
45.529800,10.174198,0.000000,1,1.258200,0.000000
45.529800,10.174198,0.000000,2,1.258200,0.000000
45.529800,10.174198,0.000000,3,1.258200,0.000000
45.529800,10.174198,0.000000,4,1.258200,0.000000
45.529800,10.174198,0.000000,5,1.258200,0.000000
45.529800,10.174198,0.000000,0,0.524880,0.000000
45.529800,10.174198,0.000000,1,0.524880,0.000000
45.529800,10.174198,0.000000,2,0.524880,0.000000
45.529800,10.174198,0.000000,3,0.524880,0.000000
45.529800,10.174198,0.000000,4,0.524880,0.000000
45.529800,10.174198,0.000000,5,0.524880,0.000000
45.529800,10.174198,0.000000,0,0.198576,0.000000
45.529800,10.174198,0.000000,1,0.198576,0.000000
45.529800,10.174198,0.000000,2,0.198576,0.000000
45.529800,10.174198,0.000000,3,0.198576,0.000000
45.529800,10.174198,0.000000,4,0.198576,0.000000
45.529800,10.174198,0.000000,5,0.198576,0.000000
45.529800,10.174198,0.000000,0,0.076248,0.000000
45.529800,10.174198,0.000000,1,0.076248,0.000000
45.529800,10.174198,0.000000,2,0.076248,0.000000
45.529800,10.174198,0.000000,3,0.076248,0.000000
45.529800,10.174198,0.000000,4,0.076248,0.000000
45.529800,10.174198,0.000000,5,0.076248,0.000000
45.529800,10.174198,0.000000,0,0.032976,0.000000
45.529800,10.174198,0.000000,1,0.032976,0.000000
45.529800,10.174198,0.000000,2,0.032976,0.000000
45.529800,10.174198,0.000000,3,0.032976,0.000000
45.529800,10.174198,0.000000,4,0.032976,0.000000
45.529800,10.174198,0.000000,5,0.032976,0.000000
45.529800,10.174198,0.000000,0,0.016128,0.000000
45.529800,10.174198,0.000000,1,0.016128,0.000000
45.529800,10.174198,0.000000,2,0.016128,0.000000
45.529800,10.174198,0.000000,3,0.016128,0.000000
45.529800,10.174198,0.000000,4,0.016128,0.000000
45.529800,10.174198,0.000000,5,0.016128,0.000000
45.529800,10.174198,0.000000,0,0.009216,0.000000
45.529800,10.174198,0.000000,1,0.009216,0.000000
45.529800,10.174198,0.000000,2,0.009216,0.000000
45.529800,10.174198,0.000000,3,0.009216,0.000000
45.529800,10.174198,0.000000,4,0.009216,0.000000
45.529800,10.174198,0.000000,5,0.009216,0.000000
45.529800,10.174198,0.000000,0,2.494944,0.000000
45.529800,10.174198,0.000000,1,2.494944,0.000000
45.529800,10.174198,0.000000,2,2.494944,0.000000
45.529800,10.174198,0.000000,3,2.494944,0.000000
45.529800,10.174198,0.000000,4,2.494944,0.000000
45.529800,10.174198,0.000000,5,2.494944,0.000000
45.529800,10.174198,0.000000,0,2.575224,0.000000
45.529800,10.174198,0.000000,1,2.575224,0.000000
45.529800,10.174198,0.000000,2,2.575224,0.000000
45.529800,10.174198,0.000000,3,2.575224,0.000000
45.529800,10.174198,0.000000,4,2.575224,0.000000
45.529800,10.174198,0.000000,5,2.575224,0.000000
45.529800,10.174198,0.000000,0,0.985464,0.000000
45.529800,10.174198,0.000000,1,0.985464,0.000000
45.529800,10.174198,0.000000,2,0.985464,0.000000
45.529800,10.174198,0.000000,3,0.985464,0.000000
45.529800,10.174198,0.000000,4,0.985464,0.000000
45.529800,10.174198,0.000000,5,0.985464,0.000000
45.529800,10.174198,0.000000,0,0.383976,0.000000
45.529800,10.174198,0.000000,1,0.383976,0.000000
45.529800,10.174198,0.000000,2,0.383976,0.000000
45.529800,10.174198,0.000000,3,0.383976,0.000000
45.529800,10.174198,0.000000,4,0.383976,0.000000
45.529800,10.174198,0.000000,5,0.383976,0.000000
45.529800,10.174198,0.000000,0,0.147888,0.000000
45.529800,10.174198,0.000000,1,0.147888,0.000000
45.529800,10.174198,0.000000,2,0.147888,0.000000
45.529800,10.174198,0.000000,3,0.147888,0.000000
45.529800,10.174198,0.000000,4,0.147888,0.000000
45.529800,10.174198,0.000000,5,0.147888,0.000000
45.529800,10.174198,0.000000,0,0.063576,0.000000
45.529800,10.174198,0.000000,1,0.063576,0.000000
45.529800,10.174198,0.000000,2,0.063576,0.000000
45.529800,10.174198,0.000000,3,0.063576,0.000000
45.529800,10.174198,0.000000,4,0.063576,0.000000
45.529800,10.174198,0.000000,5,0.063576,0.000000
45.529800,10.174198,0.000000,0,0.028440,0.000000
45.529800,10.174198,0.000000,1,0.028440,0.000000
45.529800,10.174198,0.000000,2,0.028440,0.000000
45.529800,10.174198,0.000000,3,0.028440,0.000000
45.529800,10.174198,0.000000,4,0.028440,0.000000
45.529800,10.174198,0.000000,5,0.028440,0.000000
45.529800,10.174198,0.000000,0,0.015264,0.000000
45.529800,10.174198,0.000000,1,0.015264,0.000000
45.529800,10.174198,0.000000,2,0.015264,0.000000
45.529800,10.174198,0.000000,3,0.015264,0.000000
45.529800,10.174198,0.000000,4,0.015264,0.000000
45.529800,10.174198,0.000000,5,0.015264,0.000000
45.529800,10.174198,0.000000,0,0.009576,0.000000
45.529800,10.174198,0.000000,1,0.009576,0.000000
45.529800,10.174198,0.000000,2,0.009576,0.000000
45.529800,10.174198,0.000000,3,0.009576,0.000000
45.529800,10.174198,0.000000,4,0.009576,0.000000
45.529800,10.174198,0.000000,5,0.009576,0.000000
45.529800,10.174198,0.000000,0,0.007560,0.000000
45.529800,10.174198,0.000000,1,0.007560,0.000000
45.529800,10.174198,0.000000,2,0.007560,0.000000
45.529800,10.174198,0.000000,3,0.007560,0.000000
45.529800,10.174198,0.000000,4,0.007560,0.000000
45.529800,10.174198,0.000000,5,0.007560,0.000000
45.529800,10.174198,0.000000,0,0.014760,0.000000
45.529800,10.174198,0.000000,1,0.014760,0.000000
45.529800,10.174198,0.000000,2,0.014760,0.000000
45.529800,10.174198,0.000000,3,0.014760,0.000000
45.529800,10.174198,0.000000,4,0.014760,0.000000
45.529800,10.174198,0.000000,5,0.014760,0.000000
45.529797,10.174193,0.000000,0,0.009144,0.000000
45.529797,10.174193,0.000000,1,0.009144,0.000000
45.529797,10.174193,0.000000,2,0.009144,0.000000
45.529797,10.174193,0.000000,3,0.009144,0.000000
45.529797,10.174193,0.000000,4,0.009144,0.000000
45.529797,10.174193,0.000000,5,0.009144,0.000000
45.529797,10.174193,0.000000,0,0.011808,0.000000
45.529797,10.174193,0.000000,1,0.011808,0.000000
45.529797,10.174193,0.000000,2,0.011808,0.000000
45.529797,10.174193,0.000000,3,0.011808,0.000000
45.529797,10.174193,0.000000,4,0.011808,0.000000
45.529797,10.174193,0.000000,5,0.011808,0.000000
45.529797,10.174193,0.000000,0,0.014112,0.005388
45.529797,10.174193,0.000000,1,0.014112,0.008414
45.529797,10.174193,0.000000,2,0.014112,0.012735
45.529797,10.174193,0.000000,3,0.014112,0.013075
45.529797,10.174193,0.000000,4,0.014112,0.011438
45.529797,10.174193,0.000000,5,0.014112,0.002911
45.529797,10.174193,0.000000,0,0.007272,0.005388
45.529797,10.174193,0.000000,1,0.007272,0.008414
45.529797,10.174193,0.000000,2,0.007272,0.012735
45.529797,10.174193,0.000000,3,0.007272,0.013075
45.529797,10.174193,0.000000,4,0.007272,0.011438
45.529797,10.174193,0.000000,5,0.007272,0.002911
45.529797,10.174193,0.000000,0,0.014832,0.005388
45.529797,10.174193,0.000000,1,0.014832,0.008414
45.529797,10.174193,0.000000,2,0.014832,0.012735
45.529797,10.174193,0.000000,3,0.014832,0.013075
45.529797,10.174193,0.000000,4,0.014832,0.011438
45.529797,10.174193,0.000000,5,0.014832,0.002911
45.529797,10.174193,0.000000,0,0.027720,0.005388
45.529797,10.174193,0.000000,1,0.027720,0.008414
45.529797,10.174193,0.000000,2,0.027720,0.012735
45.529797,10.174193,0.000000,3,0.027720,0.013075
45.529797,10.174193,0.000000,4,0.027720,0.011438
45.529797,10.174193,0.000000,5,0.027720,0.002911
45.529797,10.174193,0.000000,0,0.012312,0.005388
45.529797,10.174193,0.000000,1,0.012312,0.008414
45.529797,10.174193,0.000000,2,0.012312,0.012735
45.529797,10.174193,0.000000,3,0.012312,0.013075
45.529797,10.174193,0.000000,4,0.012312,0.011438
45.529797,10.174193,0.000000,5,0.012312,0.002911
45.529793,10.174196,0.000000,0,5.803560,0.006089
45.529793,10.174196,0.000000,1,5.803560,0.008861
45.529793,10.174196,0.000000,2,5.803560,0.011206
45.529793,10.174196,0.000000,3,5.803560,0.007995
45.529793,10.174196,0.000000,4,5.803560,0.004658
45.529793,10.174196,0.000000,5,5.803560,0.000334
45.529793,10.174196,0.000000,0,2.894256,0.006089
45.529793,10.174196,0.000000,1,2.894256,0.008861
45.529793,10.174196,0.000000,2,2.894256,0.011206
45.529793,10.174196,0.000000,3,2.894256,0.007995
45.529793,10.174196,0.000000,4,2.894256,0.004658
45.529793,10.174196,0.000000,5,2.894256,0.000334
45.529793,10.174196,0.000000,0,3.245112,0.006089
45.529793,10.174196,0.000000,1,3.245112,0.008861
45.529793,10.174196,0.000000,2,3.245112,0.011206
45.529793,10.174196,0.000000,3,3.245112,0.007995
45.529793,10.174196,0.000000,4,3.245112,0.004658
45.529793,10.174196,0.000000,5,3.245112,0.000334
45.529793,10.174196,0.000000,0,2.413224,0.000000
45.529793,10.174196,0.000000,1,2.413224,0.000000
45.529793,10.174196,0.000000,2,2.413224,0.000000
45.529793,10.174196,0.000000,3,2.413224,0.000000
45.529793,10.174196,0.000000,4,2.413224,0.000000
45.529793,10.174196,0.000000,5,2.413224,0.000000
45.529793,10.174196,0.000000,0,3.513960,0.000000
45.529793,10.174196,0.000000,1,3.513960,0.000000
45.529793,10.174196,0.000000,2,3.513960,0.000000
45.529793,10.174196,0.000000,3,3.513960,0.000000
45.529793,10.174196,0.000000,4,3.513960,0.000000
45.529793,10.174196,0.000000,5,3.513960,0.000000
45.529793,10.174196,0.000000,0,2.624616,0.000000
45.529793,10.174196,0.000000,1,2.624616,0.000000
45.529793,10.174196,0.000000,2,2.624616,0.000000
45.529793,10.174196,0.000000,3,2.624616,0.000000
45.529793,10.174196,0.000000,4,2.624616,0.000000
45.529793,10.174196,0.000000,5,2.624616,0.000000
45.529793,10.174196,0.000000,0,0.994536,0.000000
45.529793,10.174196,0.000000,1,0.994536,0.000000
45.529793,10.174196,0.000000,2,0.994536,0.000000
45.529793,10.174196,0.000000,3,0.994536,0.000000
45.529793,10.174196,0.000000,4,0.994536,0.000000
45.529793,10.174196,0.000000,5,0.994536,0.000000
45.529793,10.174196,0.000000,0,0.370224,0.000000
45.529793,10.174196,0.000000,1,0.370224,0.000000
45.529793,10.174196,0.000000,2,0.370224,0.000000
45.529793,10.174196,0.000000,3,0.370224,0.000000
45.529793,10.174196,0.000000,4,0.370224,0.000000
45.529793,10.174196,0.000000,5,0.370224,0.000000
45.529793,10.174196,0.000000,0,0.142848,0.000000
45.529793,10.174196,0.000000,1,0.142848,0.000000
45.529793,10.174196,0.000000,2,0.142848,0.000000
45.529793,10.174196,0.000000,3,0.142848,0.000000
45.529793,10.174196,0.000000,4,0.142848,0.000000
45.529793,10.174196,0.000000,5,0.142848,0.000000
45.529793,10.174196,0.000000,0,0.060624,0.000000
45.529793,10.174196,0.000000,1,0.060624,0.000000
45.529793,10.174196,0.000000,2,0.060624,0.000000
45.529793,10.174196,0.000000,3,0.060624,0.000000
45.529793,10.174196,0.000000,4,0.060624,0.000000
45.529793,10.174196,0.000000,5,0.060624,0.000000
45.529793,10.174196,0.000000,0,0.030168,0.000000
45.529793,10.174196,0.000000,1,0.030168,0.000000
45.529793,10.174196,0.000000,2,0.030168,0.000000
45.529793,10.174196,0.000000,3,0.030168,0.000000
45.529793,10.174196,0.000000,4,0.030168,0.000000
45.529793,10.174196,0.000000,5,0.030168,0.000000
45.529793,10.174196,0.000000,0,0.018792,0.000000
45.529793,10.174196,0.000000,1,0.018792,0.000000
45.529793,10.174196,0.000000,2,0.018792,0.000000
45.529793,10.174196,0.000000,3,0.018792,0.000000
45.529793,10.174196,0.000000,4,0.018792,0.000000
45.529793,10.174196,0.000000,5,0.018792,0.000000
45.529793,10.174196,0.000000,0,0.012744,0.000000
45.529793,10.174196,0.000000,1,0.012744,0.000000
45.529793,10.174196,0.000000,2,0.012744,0.000000
45.529793,10.174196,0.000000,3,0.012744,0.000000
45.529793,10.174196,0.000000,4,0.012744,0.000000
45.529793,10.174196,0.000000,5,0.012744,0.000000
45.529793,10.174196,0.000000,0,0.009936,0.000000
45.529793,10.174196,0.000000,1,0.009936,0.000000
45.529793,10.174196,0.000000,2,0.009936,0.000000
45.529793,10.174196,0.000000,3,0.009936,0.000000
45.529793,10.174196,0.000000,4,0.009936,0.000000
45.529793,10.174196,0.000000,5,0.009936,0.000000
45.529793,10.174196,0.000000,0,0.008280,0.000000
45.529793,10.174196,0.000000,1,0.008280,0.000000
45.529793,10.174196,0.000000,2,0.008280,0.000000
45.529793,10.174196,0.000000,3,0.008280,0.000000
45.529793,10.174196,0.000000,4,0.008280,0.000000
45.529793,10.174196,0.000000,5,0.008280,0.000000
45.529793,10.174196,0.000000,0,0.007200,0.000000
45.529793,10.174196,0.000000,1,0.007200,0.000000
45.529793,10.174196,0.000000,2,0.007200,0.000000
45.529793,10.174196,0.000000,3,0.007200,0.000000
45.529793,10.174196,0.000000,4,0.007200,0.000000
45.529793,10.174196,0.000000,5,0.007200,0.000000
